Date,Chlorophylla
1991-12-03,1.21
1991-12-05,1.15
1991-12-10,0.59
1991-12-10,0.8
1991-12-11,1.03
1991-12-13,2.15
1991-12-16,2.28
1991-12-16,1.29
1991-12-18,0.59
1991-12-21,10.84
1991-12-21,9.37
1991-12-23,4.15
1991-12-23,5.43
1991-12-23,3.06
1991-12-27,8.99
1991-12-28,1.88
1991-12-28,3.25
1991-12-30,9.94
1991-12-30,9.32
1992-01-06,4.19
1992-01-07,5.9
1992-01-07,5.59
1992-01-09,13.96
1992-01-10,1.78
1992-01-10,3.76
1992-01-13,1.66
1992-01-13,1.97
1992-01-16,0.96
1992-01-17,0.55
1992-01-17,0.58
1992-01-18,0.03
1992-01-20,0.89
1992-01-24,0.58
1992-01-27,0.23
1992-01-27,0.28
1992-02-03,0.95
1992-02-03,0.77
1992-02-07,0.45
1992-02-07,0.34
1992-02-10,0.84
1992-02-10,1.02
1992-02-10,1
1992-02-17,1.87
1992-02-17,0.88
1992-02-17,0.88
1992-02-21,1.2
1992-02-21,0.67
1992-02-24,3.12
1992-02-24,0.97
1992-02-24,0.89
1992-11-07,0.7355
1992-11-09,0.2826
1992-11-17,0.7979
1992-11-17,0.7746
1992-11-20,26.9092
1992-11-23,1.4688
1992-11-24,1.1787
1992-11-25,1.632
1992-11-27,1.8677
1992-11-27,1.5595
1992-11-30,0.9067
1992-12-05,0.3507
1992-12-05,0.2809
1992-12-07,0.4035
1992-12-07,0.4358
1992-12-11,0.9973
1992-12-14,0.3047
1992-12-14,0.4597
1992-12-18,0.4273
1992-12-18,0.4052
1992-12-21,0.9248
1992-12-21,0.9248
1992-12-28,0.2622
1992-12-28,0.4988
1992-12-29,1.4507
1992-12-29,1.5413
1993-02-15,2.0128
1993-02-23,4.4832
1993-03-01,1.3056
1993-09-07,0.2723
1993-09-07,0.2615
1993-09-07,0.2527
1993-09-08,0.2937
1993-09-08,0.2743
1993-09-09,0.3299
1993-09-09,0.3098
1993-09-10,0.3058
1993-09-10,0.2615
1993-09-13,0.3491
1993-09-15,0.4073
1993-09-29,1.0476
1993-11-19,0.0313
1993-11-22,0.008
1993-11-22,0.0089
1993-11-23,0.0122
1993-11-27,0.0471
1993-11-29,0.0094
1993-11-29,0.0376
1993-12-02,2.0116
1993-12-06,0.4499
1993-12-10,1.2596
1993-12-13,1.2411
1993-12-13,1.2134
1993-12-17,0.3779
1993-12-21,1.6195
1993-12-21,1.5825
1993-12-23,3.2574
1993-12-27,2.3669
1993-12-27,2.9482
1994-01-03,0.4226
1994-01-03,0.2193
1994-02-14,0.7435
1994-02-17,0.72
1994-02-21,1.0289
1994-02-28,1.2042
1994-03-07,1.6287
1994-03-14,2.1039
1994-11-16,0.543
1994-11-22,1.2846
1994-12-05,4.3669
1994-12-08,0.7243
1994-12-16,0.9752
1994-12-19,2.4415
1994-12-21,1.7322
1994-12-26,0.1989
1995-01-02,0.5907
1995-01-02,0.622
1995-02-16,1.0861
1995-02-16,1.0404
1995-02-21,4.5256
1995-02-23,24.0364
1995-02-23,26.39
1995-02-27,1.5506
1995-11-16,9.2502
1995-11-20,16.922
1995-11-23,16.0366
1995-11-28,39.6998
1995-11-30,20.2678
1995-12-04,4.5334
1995-12-05,5.2498
1995-12-08,2.523
1995-12-16,6.0333
1995-12-26,4.2834
1996-01-02,2.2509
1996-01-04,2.1643
1996-02-15,5.4386
1996-02-21,2.3088
1996-02-23,1.256
1996-02-26,3.8577
1996-02-29,1.9224
1996-03-05,0.9027
1996-03-08,0.5765
1996-03-12,2.1666
1996-03-15,0.9351
1996-03-18,1.8928
1996-03-28,0.5949
1996-03-28,0.5125
1996-03-31,0.8641
1996-03-31,1.0157
1996-04-11,0.5837
1996-04-11,0.5306
1996-04-15,0.4073
1996-04-15,0.4347
1996-04-22,0.2616
1996-04-22,0.2563
1996-04-29,0.2479
1996-04-29,0.2624
1996-05-07,0.1869
1996-05-07,0.196
1996-05-14,0.2105
1996-05-14,0.1914
1996-05-21,0.1594
1996-05-21,0.1464
1996-05-29,0.0885
1996-05-29,0.1136
1996-06-05,0.1075
1996-06-05,0.1098
1996-06-12,0.1037
1996-06-12,0.106
1996-06-20,0.0961
1996-06-20,0.0885
1996-06-27,0.09
1996-06-27,0.0953
1996-07-01,0.0694
1996-07-01,0.0686
1996-07-08,0.151
1996-07-08,0.1487
1996-07-15,0.1152
1996-07-15,0.1083
1996-07-22,0.1251
1996-07-22,0.1197
1996-07-30,0.093
1996-07-30,0.0572
1996-08-06,0.1304
1996-08-06,0.1281
1996-08-13,0.6246
1996-08-13,0.6132
1996-10-14,0.2471
1996-10-14,0.2288
1996-11-02,0.3874
1996-11-02,0.4698
1996-11-09,0.7997
1996-11-09,0.7375
1996-11-18,1.0704
1996-11-18,1.093
1996-11-25,1.6275
1996-11-25,1.7028
1996-12-03,0.548
1996-12-03,0.5676
1996-12-11,0.1777
1996-12-11,0.1867
1996-12-17,1.1472
1996-12-17,1.081
1996-12-22,1.2481
1996-12-22,1.4077
1996-12-29,0.8657
1996-12-29,0.9094
1997-01-05,1.9422
1997-01-05,1.8669
1997-01-13,2.2282
1997-01-13,2.3186
1997-02-19,1.7402
1997-02-24,1.0782
1997-02-28,3.2755
1997-03-03,1.847
1997-03-08,2.3664
1997-03-13,2.6117
1997-03-18,0.4244
1997-04-15,0.5691
1997-04-15,0.5621
1997-04-26,0.3239
1997-04-26,0.3344
1997-05-07,0.2874
1997-05-07,0.2473
1997-05-14,0.2016
1997-05-14,0.1806
1997-05-21,0.1749
1997-05-21,0.1904
1997-05-27,0.1117
1997-05-27,0.104
1997-06-03,0.1349
1997-06-03,0.1349
1997-06-11,0.1447
1997-06-11,0.1377
1997-06-18,0.1012
1997-06-18,0.1054
1997-06-25,0.0794
1997-06-25,0.0815
1997-07-02,0.0977
1997-07-02,0.0977
1997-07-08,0.0548
1997-07-08,0.0562
1997-07-15,0.0682
1997-07-15,0.066
1997-07-22,0.0766
1997-07-22,0.0752
1997-07-30,0.0843
1997-07-30,0.0773
1997-08-06,0.0843
1997-08-06,0.0836
1997-08-12,0.0745
1997-08-12,0.0731
1997-08-19,0.1089
1997-08-19,0.1033
1997-08-26,0.1237
1997-08-26,0.1342
1997-09-02,0.1447
1997-09-02,0.1342
1997-09-09,0.1166
1997-09-09,0.1145
1997-09-17,0.0941
1997-09-17,0.0913
1997-09-24,0.0927
1997-09-24,0.0906
1997-09-24,0.0885
1997-09-24,0.092
1997-10-03,0.0815
1997-10-03,0.0843
1997-10-09,0.1258
1997-10-09,0.1208
1997-10-09,0.1286
1997-10-09,0.1279
1997-10-14,0.2094
1997-10-14,0.2164
1997-10-14,0.2136
1997-10-14,0.2115
1997-10-18,0.2881
1997-10-18,0.2895
1997-10-21,0.3112
1997-10-21,0.2389
1997-10-21,0.2923
1997-10-21,0.3098
1997-10-25,0.3239
1997-10-25,0.3084
1997-10-29,0.371
1997-10-29,0.3935
1997-10-29,0.4405
1997-10-29,0.4166
1997-11-10,0.678
1997-11-10,0.6808
1997-11-13,0.3091
1997-11-13,0.3176
1997-11-19,0.8597
1997-11-19,0.8582
1997-11-19,0.8928
1997-11-19,0.8853
1997-11-23,0.5811
1997-11-23,0.6609
1997-11-26,1.6682
1997-11-26,1.8819
1997-11-26,1.6862
1997-11-26,1.5808
1997-12-03,0.2951
1997-12-03,0.2921
1997-12-08,0.2258
1997-12-08,0.1807
1997-12-12,0.4712
1997-12-12,0.5089
1997-12-17,1.0659
1997-12-17,1.2135
1997-12-17,1.1728
1997-12-17,1.1653
1997-12-22,3.0111
1997-12-22,2.8003
1997-12-28,1.0238
1997-12-28,0.9771
1998-01-04,10.1324
1998-01-04,10.8701
1998-01-09,1.8518
1998-01-09,1.8669
1998-01-14,2.8154
1998-01-14,2.9358
1998-01-22,0.6022
1998-01-22,0.6323
1998-01-30,0.730731623
1998-01-30,0.702174295
1998-02-06,1.629447527
1998-02-06,1.629447527
1998-02-15,1.696641239
1998-02-15,1.763834951
1998-02-20,1.679842811
1998-02-20,1.629447527
1998-03-01,1.20108761
1998-03-01,1.211166667
1998-03-08,2.066206657
1998-03-08,2.116601942
1998-03-13,1.384190476
1998-03-13,1.520257744
1998-03-20,0.327569348
1998-03-20,0.319170134
1998-03-27,0.545948914
1998-03-27,0.550988442
1998-04-03,0.722332409
1998-04-03,0.710573509
1998-04-09,0.680336338
1998-04-09,0.62154184
1998-04-16,0.571146556
1998-04-16,0.537549699
1998-04-22,0.56778687
1998-04-22,0.584585298
1998-04-30,0.411561489
1998-04-30,0.446838188
1998-05-02,0.340168169
1998-05-02,0.348567383
1998-05-07,0.260375636
1998-05-07,0.283053514
1998-05-14,0.255336107
1998-05-14,0.248616736
1998-05-24,0.128507975
1998-05-24,0.141946718
1998-05-28,0.277174064
1998-05-28,0.293972492
1998-06-06,0.182262945
1998-06-06,0.194021845
1998-06-14,0.165464517
1998-06-14,0.159585067
1998-06-21,0.134387425
1998-06-21,0.134387425
1998-06-27,0.115909154
1998-06-27,0.117588997
1998-07-04,0.110869626
1998-07-11,0.104150254
1998-07-11,0.111709547
1998-07-18,0.13774711
1998-07-18,0.136907189
1998-08-04,0.148666089
1998-08-04,0.148666089
1998-08-08,0.188142395
1998-08-08,0.19150208
1998-08-16,0.141946718
1998-08-16,0.152025774
1998-08-23,0.156225381
1998-08-23,0.14950601
1998-08-31,0.19150208
1998-08-31,0.194021845
1998-09-07,0.195701687
1998-09-07,0.194861766
1998-09-13,0.246096972
1998-09-13,0.156225381
1998-09-19,0.175717897
1998-09-19,0.174830433
1998-09-26,0.231628137
1998-09-26,0.239171582
1998-10-04,0.244496367
1998-10-04,0.269345362
1998-10-12,0.265795506
1998-10-12,0.272451487
1998-10-21,0.29241943
1998-10-21,0.323480674
1998-10-25,0.104990176
1998-10-25,0.11338939
1998-10-27,0.384715699
1998-10-27,0.367410148
1998-11-02,0.505382497
1998-11-02,0.523603835
1998-11-10,1.049901757
1998-11-10,1.075099399
1998-11-17,2.259388581
1998-11-17,2.208993296
1998-11-24,0.612302705
1998-11-24,0.636660425
1998-11-30,0.809684235
1998-11-30,0.706373902
1998-12-17,0.275
1998-12-17,0.2994
1998-12-22,0.8379
1998-12-22,0.8119
1998-12-27,0.5176
1998-12-27,0.5389
1998-12-30,0.8905
1998-12-30,0.8476
1999-01-02,1.1771
1999-01-02,1.1643
1999-02-16,0.9355
1999-02-16,1.1326
1999-02-19,1.4486
1999-02-19,1.5187
1999-02-22,0.1838
1999-02-26,1.1078
1999-02-26,1.1856
1999-03-02,0.4935
1999-03-02,0.478
1999-03-15,0.525730294
1999-03-15,0.521633694
1999-03-29,0.323631376
1999-03-29,0.315438176
1999-04-07,0.469686336
1999-04-07,0.473207223
1999-04-12,0.338005159
1999-04-12,0.35138453
1999-04-19,0.249278805
1999-04-19,0.246462095
1999-04-27,0.233786902
1999-04-27,0.227449305
1999-05-05,0.233082724
1999-05-05,0.216182466
1999-05-10,0.230970192
1999-05-10,0.234491079
1999-05-20,0.152102322
1999-05-20,0.147877257
1999-05-24,0.121822693
1999-05-24,0.119005983
1999-05-31,0.126751935
1999-05-31,0.126047757
1999-06-07,0.105626612
1999-06-07,0.102809903
1999-06-18,0.069009387
1999-06-18,0.072530274
1999-06-22,0.071826096
1999-06-22,0.070417741
1999-06-28,0.045771532
1999-06-28,0.043659
1999-07-05,0.053517484
1999-07-05,0.052109129
1999-07-13,0.10633079
1999-07-13,0.10633079
1999-07-20,0.04084229
1999-07-20,0.064784322
1999-07-26,0.05985508
1999-07-26,0.061967613
1999-08-03,0.08450129
1999-08-03,0.090838887
1999-08-09,0.073234451
1999-08-09,0.070417741
1999-08-16,0.121822693
1999-08-16,0.121822693
1999-08-22,0.080458249
1999-08-22,0.080458249
1999-08-30,0.08884726
1999-08-30,0.087703304
1999-09-06,0.128504406
1999-09-06,0.125072538
1999-09-12,0.104862646
1999-09-12,0.095329678
1999-09-20,0.276456067
1999-09-20,0.269211012
1999-09-27,0.379511196
1999-09-27,0.375826621
1999-10-04,0.165492322
1999-10-04,0.158628585
1999-10-10,0.300479146
1999-10-10,0.301623102
1999-10-17,0.379511196
1999-10-17,0.379511196
1999-10-24,0.324242575
1999-10-24,0.320558001
1999-10-31,1.351354624
1999-11-01,0.460866606
1999-11-01,0.425715763
1999-11-04,0.867054123
1999-11-04,0.847525877
1999-11-04,1.581787927
1999-11-08,2.175446606
1999-12-02,1.886502256
1999-12-02,1.83491821
1999-12-06,1.70227352
1999-12-06,1.6470049
1999-12-17,2.39510195
1999-12-17,2.265820879
1999-12-24,2.109
1999-12-24,2.075
2000-01-02,0.518902628
2000-01-02,0.543482226
2000-01-15,1.337948747
2000-01-15,1.385449886
2000-02-02,3.477
2000-02-07,2.468
2000-02-10,3.309
2000-02-19,2.251
2000-02-21,1.29308656
2000-02-21,1.425034169
2000-03-02,2.810484055
2000-03-02,2.704925968
2000-03-12,1.147944191
2000-03-12,1.227112756
2000-03-16,0.338652241
2000-03-16,0.34684544
2000-03-23,0.24002032
2000-03-23,0.251541296
2000-03-31,0.85447234
2000-03-31,0.831430389
2000-04-09,0.538662468
2000-04-09,0.55549567
2000-04-14,0.305968203
2000-04-14,0.305968203
2000-04-21,0.356467809
2000-04-21,0.413898734
2000-04-28,0.399045909
2000-04-28,0.39211459
2000-05-05,0.38617346
2000-05-05,0.413898734
2000-05-15,0.290125189
2000-05-15,0.301017261
2000-05-19,0.276262552
2000-05-19,0.310919145
2000-05-26,0.213880686
2000-05-26,0.220812004
2000-06-02,0.260419539
2000-06-02,0.248537278
2000-06-09,0.163381079
2000-06-09,0.163381079
2000-06-16,0.182194658
2000-06-16,0.179224093
2000-06-23,0.07228375
2000-06-23,0.104959966
2000-06-30,0.109910908
2000-06-30,0.106940343
2000-07-07,0.103969778
2000-07-07,0.107930531
2000-07-14,0.082185634
2000-07-14,0.087136576
2000-07-21,0.097038459
2000-07-21,0.100999213
2000-07-28,0.134665617
2000-07-28,0.123773545
2000-08-04,0.122783357
2000-08-04,0.141596935
2000-08-11,0.174273151
2000-08-11,0.17526334
2000-08-18,0.163381079
2000-08-18,0.166351644
2000-08-25,0.182194658
2000-08-25,0.213880686
2000-09-01,0.225762946
2000-09-01,0.222792381
2000-09-11,0.419839864
2000-09-11,0.39211459
2000-09-15,0.510937193
2000-09-15,0.445584762
2000-09-22,0.377261765
2000-09-22,0.371320635
2000-09-29,0.648573375
2000-09-29,0.666396766
2000-10-06,0.552525105
2000-10-06,0.565397553
2000-10-16,5.351778931
2000-10-16,5.930889338
2000-10-26,49.19922053
2000-10-26,48.09557804
2000-11-07,3.988602687
2000-11-07,4.143499879
2000-11-20,1.31915168
2000-11-20,1.31915168
2000-12-02,2.24600928
2000-12-02,2.400906472
2000-12-18,0.902476404
2000-12-18,0.933199005
2000-12-27,3.349651771
2000-12-27,3.872429794
2001-01-04,37.45026853
2001-01-04,37.02042883
2001-01-11,6.602492798
2001-01-11,6.5637685
2001-01-25,2.478355068
2001-01-25,2.458992919
2001-02-02,0.948560306
2001-02-02,0.835270714
2001-02-12,1.552844347
2001-02-12,1.723231258
2001-02-19,2.555803664
2001-02-19,2.517079366
2001-02-28,2.517079366
2001-02-28,3.00113309
2001-03-05,1.858766301
2001-03-05,1.87812845
2001-03-12,0.965841769
2001-03-12,0.925518355
2001-03-19,1.665144811
2001-03-19,1.839404152
2001-03-26,0.896715916
2001-03-26,1.029207133
2001-04-02,1.05148568
2001-04-02,1.107171838
2001-04-10,1.287332936
2001-04-10,1.261127685
2001-04-16,1.3929375
2001-04-16,1.436196429
2001-04-24,0.562366071
2001-04-24,0.588321429
2001-05-01,0.331566613
2001-05-01,0.295206827
2001-05-09,0.242398568
2001-05-09,0.259712751
2001-05-17,0.163619033
2001-05-17,0.164484743
2001-05-24,0.157559069
2001-05-24,0.151499105
2001-06-04,0.122064993
2001-06-04,0.127259248
2001-06-11,0.048479714
2001-06-11,0.099556555
2001-06-20,0.211233038
2001-06-20,0.217293002
2001-06-26,0.12165664
2001-06-26,0.119369861
2001-07-04,0.052595916
2001-07-04,0.048479714
2001-07-11,0.120284572
2001-07-11,0.145439141
2001-07-18,0.040247309
2001-07-18,0.031557549
2001-07-25,0.079579907
2001-07-25,0.077750484
2001-08-01,0.056712118
2001-08-01,0.062657743
2001-08-08,0.101075629
2001-08-08,0.096502071
2001-08-15,0.081866686
2001-08-15,0.081866686
2001-08-22,0.131261111
2001-08-22,0.1303464
2001-08-29,0.153671545
2001-08-29,0.134462602
2001-09-07,0.176081979
2001-09-07,0.170593709
2001-09-13,0.181570248
2001-09-13,0.17265181
2001-09-19,0.214957221
2001-09-19,0.205810105
2001-09-26,0.228677894
2001-09-26,0.240569145
2001-10-06,0.219988134
2001-10-06,0.22593376
2001-10-20,0.187515873
2001-10-20,0.210841019
2001-10-24,0.145896497
2001-10-24,0.150012699
2001-10-24,0.154128901
2001-10-28,0.204438038
2001-10-29,0.193004143
2001-11-02,0.244685347
2001-11-02,0.283560589
2001-11-02,0.315382075
2001-11-06,0.102153682
2001-11-06,0.103019391
2001-11-06,0.190575426
2001-11-08,0.180933217
2001-11-15,0.348015087
2001-11-21,0.552322451
2001-11-21,0.210367329
2001-11-22,8.392232143
2001-11-22,3.37212
2001-11-22,3.4884
2001-11-22,8.201892857
2001-11-24,0.93
2001-11-26,1.56
2001-11-30,2.99
2001-12-04,2.53
2001-12-09,4.48
2001-12-15,5.66
2001-12-18,6.58
2001-12-22,7.38
2001-12-25,11.92
2001-12-28,12.57
2002-01-01,2.01710237
2002-01-01,1.799571429
2002-01-01,10.90125
2002-01-01,10.20910714
2002-01-02,18.16875
2002-01-02,13.23723214
2002-01-31,13.45
2002-02-03,21.13
2002-02-06,30.61
2002-02-10,9.18
2002-02-12,16.04
2002-02-15,7.91
2002-02-19,9.7
2002-02-21,15.33
2002-02-26,8.66
2002-03-01,5.27
2002-03-04,4.8
2002-03-07,6.44
2002-03-11,5.2
2002-03-14,1.34
2002-03-18,1.441082462
2002-03-18,1.084178862
2002-03-24,1.852360608
2002-03-24,1.251403922
2002-04-01,0.782672189
2002-04-01,0.768441786
2002-04-08,0.402008897
2002-04-08,0.384220893
2002-04-14,0.33085688
2002-04-14,0.295280871
2002-04-22,0.281050468
2002-04-22,0.266820064
2002-04-25,0.123726376
2002-04-25,0.117363306
2002-04-29,0.270377665
2002-04-29,0.266820064
2002-05-06,0.143169093
2002-05-06,0.142462085
2002-05-13,0.109939723
2002-05-13,0.108172203
2002-05-20,0.111707243
2002-05-20,0.115595786
2002-06-03,0.073528818
2002-06-03,0.07105429
2002-06-10,0.058681653
2002-06-10,0.077417361
2002-06-17,0.065044724
2002-06-17,0.059035157
2002-06-21,0.027573307
2002-06-21,0.025805787
2002-06-24,0.049844055
2002-06-24,0.050551062
2002-07-01,0.032168858
2002-07-01,0.045248503
2002-07-08,0.035350393
2002-07-08,0.041006456
2002-07-15,0.036410905
2002-07-15,0.03959244
2002-07-29,0.037117913
2002-07-29,0.036410905
2002-08-06,0.046662519
2002-08-06,0.052318582
2002-08-12,0.032875866
2002-08-12,0.042066968
2002-08-19,0.066812243
2002-08-19,0.07282181
2002-08-25,0.067165747
2002-08-25,0.059742165
2002-09-02,0.072468306
2002-09-02,0.07105429
2002-09-09,0.100395117
2002-09-09,0.103930156
2002-09-16,0.179226494
2002-09-16,0.17710547
2002-09-23,0.99257064
2002-09-23,0.480276116
2002-09-30,0.391336094
2002-09-30,0.391336094
2002-10-07,0.334414481
2002-10-07,0.272867986
2002-10-14,0.29172327
2002-10-14,0.272156466
2002-11-05,1.618279574
2002-11-18,6.739738229
2002-11-21,6.610637424
2002-11-25,5.152585005
2002-11-27,2.548011426
2002-11-27,2.802812569
2002-12-10,0.24088768
2002-12-10,0.224159369
2002-12-12,0.502604793
2002-12-16,1.487773157
2002-12-19,1.814154082
2002-12-23,0.828715749
2002-12-27,1.409469306
2002-12-31,1.448621231
2003-01-06,1.800988558
2003-01-07,2.713632169
2003-01-07,2.891992969
2003-01-17,0.752495037
2003-01-25,0.25951488
2003-01-25,0.282301553
2003-02-02,0.501306793
2003-02-02,0.501306793
2003-02-10,1.312225884
2003-02-10,1.184825313
2003-02-17,0.455733448
2003-02-17,0.478520121
2003-03-04,0.196055806
2003-03-04,0.189364482
2003-03-11,0.272336905
2003-03-11,0.249586402
2003-03-21,0.697348868
2003-03-21,0.439535049
2003-03-28,0.341555361
2003-03-28,0.359869321
2003-04-04,0.342471059
2003-04-04,0.348880945
2003-04-11,0.31408442
2003-04-11,0.305843138
2003-04-18,0.330566985
2003-04-18,0.330566985
2003-04-26,0.342471059
2003-04-26,0.336061173
2003-05-02,0.238081485
2003-05-02,0.231671599
2003-05-09,0.222514618
2003-05-09,0.220683222
2003-05-16,0.19412798
2003-05-16,0.197790772
2003-05-23,0.133691911
2003-05-23,0.120872138
2003-05-30,0.123619232
2003-05-30,0.107136668
2003-06-06,0.10622097
2003-06-06,0.135523307
2003-06-13,0.08332852
2003-06-13,0.095232594
2003-06-20,0.068677351
2003-06-20,0.069593049
2003-06-27,0.080581426
2003-06-27,0.086075614
2003-07-04,0.086075614
2003-07-04,0.086075614
2003-07-11,0.086991312
2003-07-11,0.042051337
2003-07-18,0.043840755
2003-07-18,0.042946046
2003-07-25,0.053110485
2003-07-25,0.05010372
2003-08-01,0.038204087
2003-08-01,0.074171539
2003-08-08,0.075087237
2003-08-08,0.055857579
2003-08-15,0.057688975
2003-08-15,0.086991312
2003-08-22,0.079665728
2003-08-22,0.090654104
2003-08-29,0.080581426
2003-08-29,0.070508747
2003-09-05,0.080581426
2003-09-05,0.088822708
2003-09-12,0.11079946
2003-09-12,0.11995644
2003-09-20,0.09706399
2003-09-20,0.160247153
2003-09-26,0.224346014
2003-09-26,0.192296584
2003-10-03,0.243575673
2003-10-03,0.657471177
2003-10-10,0.601613598
2003-10-10,0.631831632
2003-10-30,1.552402073
2003-11-04,0.975017442
2003-11-07,1.225580584
2003-11-10,1.316364331
2003-11-16,1.906458686
2003-11-19,0.438619351
2003-11-19,1.853479885
2003-11-20,1.561480448
2003-11-25,2.442082793
2003-11-28,1.316364331
2003-12-04,0.684929175
2003-12-08,0.549030529
2003-12-10,0.425799578
2003-12-10,1.844304242
2003-12-18,10.48775995
2003-12-18,4.523548209
2003-12-22,13.256969
2003-12-26,3.740290375
2003-12-30,1.870145187
2004-01-02,2.777982657
2004-01-07,6.263374443
2004-01-07,11.65306661
2004-01-14,6.263374443
2004-01-14,5.887938256
2004-01-23,0.79482588
2004-01-23,0.903793944
2004-02-06,5.599024206
2004-02-10,4.284992857
2004-02-16,7.945540824
2004-02-19,3.731212
2004-02-24,1.661342569
2004-02-26,1.307285956
2004-03-01,1.652264195
2004-03-04,1.842910063
2004-03-10,2.314985548
2004-03-15,2.115261304
2004-03-16,0.625421746
2004-03-16,1.550683666
2004-03-18,1.724891192
2004-03-22,2.433004419
2004-03-25,1.833831689
2004-03-30,2.759825908
2004-04-02,4.033612661
2004-04-16,0.217250173
2004-04-16,0.202193231
2004-04-23,0.22083516
2004-04-23,0.216533176
2004-04-29,0.203627225
2004-04-29,0.205778217
2004-05-06,0.169211356
2004-05-06,0.190004277
2004-05-14,0.128342512
2004-05-14,0.130493503
2004-05-20,0.11041758
2004-05-20,0.107549591
2004-05-27,0.103247607
2004-05-27,0.08675667
2004-06-03,0.129776506
2004-06-03,0.091058653
2004-06-10,0.104681602
2004-06-10,0.107549591
2004-06-18,0.067397744
2004-06-18,0.066680746
2004-06-24,0.060227771
2004-06-24,0.055925787
2004-07-01,0.055925787
2004-07-01,0.053057798
2004-07-08,0.066680746
2004-07-08,0.053057798
2004-07-15,0.048755814
2004-07-15,0.055925787
2004-07-22,0.058076779
2004-07-22,0.061661765
2004-07-28,0.065246752
2004-07-28,0.062378763
2004-08-05,0.06309576
2004-08-05,0.06309576
2004-08-12,0.0788697
2004-08-12,0.078152703
2004-08-19,0.088907662
2004-08-19,0.105398599
2004-08-26,0.076718708
2004-08-26,0.075284714
2004-09-02,0.089624659
2004-09-02,0.107549591
2004-09-09,0.119738544
2004-09-09,0.108983585
2004-09-16,0.097511629
2004-09-16,0.129059509
2004-09-23,0.306157835
2004-09-23,0.293968881
2004-09-30,0.201476233
2004-09-30,0.195023258
2004-10-08,0.139814468
2004-10-08,0.187853285
2004-10-14,0.123323531
2004-10-14,0.148418435
2004-10-21,0.065963749
2004-10-21,0.06309576
2004-11-13,0.692936237
2004-11-21,0.744365098
2004-11-24,0.668575198
2004-11-30,1.325842813
2004-12-06,1.52933193
2004-12-09,1.549632796
2004-12-23,1.800010147
2004-12-26,2.591743934
2004-12-30,1.312789355
2005-01-08,1.103105207
2005-01-08,1.042661086
2005-01-15,0.262931926
2005-01-15,0.214576629
2005-01-22,1.450658903
2005-01-22,1.56399163
2005-01-31,5.666636339
2005-01-31,5.885746277
2005-02-05,6.271077548
2005-02-05,6.029301065
2005-02-13,2.818207139
2005-02-13,2.757763018
2005-02-19,8.855063719
2005-02-19,2.8484292
2005-02-26,3.83820168
2005-02-26,3.656869317
2005-03-05,0.936883875
2005-03-05,0.951994905
2005-03-11,2.085322173
2005-03-11,2.916428836
2005-03-21,0.229439127
2005-03-21,0.276760947
2005-03-26,0.185702293
2005-03-26,0.163475378
2005-04-01,0.239477089
2005-04-01,0.215099181
2005-04-08,0.288856412
2005-04-08,0.349406862
2005-04-15,0.902714894
2005-04-15,0.633807795
2005-04-21,0.13399728
2005-04-21,0.12677587
2005-04-28,0.182942394
2005-04-28,0.197385215
2005-05-06,0.162882921
2005-05-06,0.174116226
2005-05-13,0.194175699
2005-05-13,0.195780457
2005-05-22,0.19337332
2005-05-22,0.177325742
2005-05-28,0.153254374
2005-05-28,0.145230585
2005-06-04,0.11153067
2005-06-04,0.10430926
2005-06-12,0.097890229
2005-06-12,0.086656924
2005-06-18,0.069004587
2005-06-18,0.070609345
2005-06-25,0.064992693
2005-06-25,0.068202208
2005-07-03,0.053759388
2005-07-03,0.048142735
2005-07-09,0.046537977
2005-07-09,0.048142735
2005-07-16,0.048945114
2005-07-16,0.054561767
2005-07-23,0.094680713
2005-07-23,0.092273576
2005-07-30,0.05937604
2005-07-30,0.069004587
2005-08-05,0.064190314
2005-08-05,0.060178419
2005-08-13,0.101099744
2005-08-13,0.101099744
2005-08-20,0.113135428
2005-08-20,0.098692607
2005-08-27,0.125973491
2005-08-27,0.142021069
2005-09-04,0.184547152
2005-09-04,0.198989973
2005-09-11,0.207013762
2005-09-11,0.369094304
2005-09-17,0.277623107
2005-09-17,0.269599318
2005-09-24,0.341011042
2005-09-24,0.308915885
2005-10-01,1.195544594
2005-10-01,1.431331724
2005-10-08,2.830133182
2005-10-08,1.51265739
2005-10-15,2.52109565
2005-10-15,2.04127422
2005-10-21,0.276018349
2005-10-21,0.228677993
2005-10-27,0.279227865
2005-10-27,0.316939674
2005-11-03,1.457355937
2005-11-10,1.078211658
2005-11-14,2.331769499
2005-11-14,2.322661025
2005-12-02,1.860871156
2005-12-02,1.89089358
2005-12-16,5.041507245
2005-12-20,32.0548241
2006-01-11,5.551661832
2006-01-11,5.692210232
2006-01-18,28.72457941
2006-01-18,30.48143442
2006-01-25,20.90657462
2006-01-25,20.99441737
2006-02-01,14.29457843
2006-02-01,17.3928646
2006-02-10,6.505322424
2006-02-10,6.078718335
2006-02-16,2.090657462
2006-02-16,2.160931662
2006-02-26,1.002401802
2006-02-26,0.918868318
2006-03-01,7.60239077
2006-03-01,5.589993214
2006-03-09,15.48099297
2006-03-09,15.48099297
2006-03-18,11.15817182
2006-03-18,10.79823079
2006-04-14,0.183927711
2006-04-14,0.21611506
2006-04-21,0.103459337
2006-04-21,0.10805753
2006-04-28,0.193124096
2006-04-28,0.213049598
2006-05-05,0.142543976
2006-05-05,0.154805823
2006-05-13,0.095029317
2006-05-13,0.179329518
2006-05-20,0.147142169
2006-05-20,0.181628614
2006-05-27,0.14024488
2006-05-27,0.098094779
2006-06-03,0.121085743
2006-06-03,0.110356627
2006-06-10,0.095795683
2006-06-10,0.114954819
2006-06-17,0.104992068
2006-06-17,0.09119749
2006-06-24,0.110356627
2006-06-24,0.11648755
2006-07-01,0.094262952
2006-07-01,0.091963855
2006-07-08,0.095029317
2006-07-08,0.075870181
2006-07-15,0.083533835
2006-07-15,0.09119749
2006-07-22,0.06590743
2006-07-22,0.070505622
2006-07-29,0.075870181
2006-07-29,0.071271988
2006-08-05,0.093496586
2006-08-05,0.085066566
2006-08-12,0.098861145
2006-08-12,0.078169277
2006-08-19,0.172432229
2006-08-19,0.121085743
2006-08-26,0.194656827
2006-08-26,0.217647791
2006-09-04,0.228376908
2006-09-04,0.239106024
2006-09-09,0.31574257
2006-09-09,0.314209839
2006-09-16,0.314976205
2006-09-16,0.28202249
2006-09-24,0.30731255
2006-09-24,0.306546185
2006-09-30,0.373986345
2006-09-30,0.367855422
2006-10-14,0.465183835
2006-10-14,0.490473896
2006-10-24,0.460585643
2006-10-24,0.469015663
2006-11-02,0.660260416
2006-11-02,0.644724877
2006-11-11,0.78454473
2006-11-11,0.901061274
2006-11-18,0.47599872
2006-11-18,0.464538077
2006-11-24,0.955053612
2006-11-24,1.040881127
2006-12-01,3.495496321
2006-12-01,3.961562497
2006-12-09,1.708909312
2006-12-09,1.654534925
2006-12-16,2.858701435
2006-12-16,1.328288602
2006-12-16,2.988642409
2006-12-16,1.421501837
2006-12-23,20.97297792
2006-12-23,25.94435047
2006-12-30,10.14648958
2006-12-30,9.183795535
2007-01-06,15.83071445
2007-01-06,14.80536886
2007-01-12,3.371212007
2007-01-12,3.417818625
2007-01-20,0.963203431
2007-01-27,1.242843136
2007-01-27,1.273914215
2007-02-03,2.555596199
2007-02-03,2.524525121
2007-02-12,1.732212621
2007-02-12,1.701141543
2007-02-17,1.343824141
2007-02-17,1.36712745
2007-02-24,2.011852327
2007-02-24,1.980781248
2007-03-02,3.728529409
2007-03-02,3.767368257
2007-03-10,1.048648896
2007-03-10,1.009810048
2007-03-17,1.732212621
2007-03-17,1.840961396
2007-03-24,0.675807834
2007-03-24,0.673879709
2007-03-31,0.705590928
2007-03-31,0.331637511
2007-04-08,0.539875017
2007-04-08,0.655562521
2007-04-15,0.439612514
2007-04-15,0.462750015
2007-04-21,0.570725018
2007-04-21,0.563012518
2007-05-11,0.298859385
2007-05-11,0.293075009
2007-05-22,0.186064068
2007-05-22,0.180279693
2007-05-28,0.14075313
2007-05-28,0.02399808
2007-06-04,0.124364067
2007-06-04,0.103154691
2007-06-11,0.128220317
2007-06-11,0.110867191
2007-06-16,0.096406253
2007-06-16,0.092550003
2007-06-23,0.08387344
2007-06-23,0.08387344
2007-06-30,0.069412502
2007-06-30,0.079053128
2007-07-07,0.071340627
2007-07-07,0.071340627
2007-07-14,0.08001719
2007-07-14,0.06844844
2007-07-21,0.126292192
2007-07-21,0.110867191
2007-07-28,0.202453132
2007-07-28,0.200525006
2007-08-05,0.186064068
2007-08-05,0.197632819
2007-08-11,0.160998443
2007-08-11,0.155214067
2007-08-18,0.234267195
2007-08-18,0.249692196
2007-08-25,0.24776407
2007-08-25,0.23619532
2007-09-02,0.198596881
2007-09-02,0.207273444
2007-09-09,0.187028131
2007-09-09,0.208237507
2007-09-16,0.568796893
2007-09-16,0.549515643
2007-09-22,0.249692196
2007-09-22,0.290182822
2007-09-28,0.498420329
2007-09-28,0.508060954
2007-10-06,1.034866695
2007-10-06,1.08190609
2007-10-12,1.204208518
2007-10-12,1.08190609
2007-10-20,0.490707828
2007-10-20,0.457929702
2007-10-27,0.332601573
2007-10-27,0.340314073
2007-11-03,0.370200012
2007-11-03,0.37694845
2007-11-10,0.535054705
2007-11-10,0.54083908
2007-11-17,1.175984881
2007-11-17,1.194800639
2007-11-26,1.881575809
2007-11-26,1.843944293
2007-12-01,0.931380025
2007-12-01,0.912564267
2007-12-08,1.157169123
2007-12-08,1.175984881
2007-12-15,3.358612819
2007-12-15,3.857230409
2007-12-22,2.653021891
2007-12-22,6.150718948
2007-12-30,3.819598892
2007-12-30,3.358612819
2010-03-13,0.627567464
2010-03-21,0.39606625
2010-03-27,1.261338768
2010-04-02,1.550960173
2010-04-10,0.7575216
2010-04-17,0.545284945
2010-04-24,0.445696976
2010-05-01,0.323252752
2010-05-08,0.207991922
2010-05-15,0.149545212
2010-05-22,0.17827879
2010-05-29,0.223338265
2010-06-05,0.235419428
2010-06-12,0.174687093
2010-06-19,0.088812877
2010-06-26,0.069221801
2010-07-03,0.077058232
2010-07-10,0.082609037
2010-07-17,0.066936176
2010-07-24,0.076731714
2010-07-31,0.162279412
2010-08-07,0.182197006
2010-08-14,0.142688336
2010-08-21,0.198522902
2010-08-28,0.413698219
2010-09-04,0.705278731
2010-09-11,1.217911883
2010-09-18,1.017756391
2010-09-25,0.420228577
2010-10-02,0.8522118
2010-10-11,1.028531483
2010-10-19,0.646505504
2010-10-25,0.633444786
2010-11-01,2.37052018
2010-11-09,4.221876849
2010-11-16,3.823524973
2010-11-25,2.648060421
2010-12-02,2.138692449
2010-12-09,2.171344242
2010-12-16,4.176164339
2010-12-23,6.563010415
2010-12-30,16.71771807
2011-01-06,15.64510667
2011-01-13,11.18813691
2011-01-21,12.29666529
2011-01-29,5.197512428
2011-02-04,3.181590721
2011-02-10,1.901640431
2011-02-18,0.790826429
2011-02-26,0.763398923
2011-03-04,0.772541425
2011-03-11,1.129099006
2011-03-18,2.377050539
2011-03-24,2.042043141
2011-04-01,0.655078345
2011-04-01,0.801174955
2011-04-07,0.593812025
2011-04-07,0.617375995
2011-04-14,0.18379896
2011-04-14,0.174373373
2011-04-23,0.109336817
2011-04-23,0.127245434
2011-04-29,0.06126632
2011-04-29,0.414725859
2011-05-06,0.296906013
2011-05-06,0.768185398
2011-05-14,0.226214105
2011-05-14,0.235639693
2011-05-20,0.184741519
2011-05-20,0.18427024
2011-05-28,0.155050918
2011-05-28,0.148453006
2011-06-04,0.202650136
2011-06-04,0.193224548
2011-06-10,0.121118802
2011-06-10,0.13054439
2011-06-17,0.090014363
2011-06-17,0.088129245
2011-06-25,0.146096609
2011-06-25,0.111221935
2011-07-01,0.079646216
2011-07-01,0.085772848
2011-07-07,0.111693214
2011-07-07,0.098026112
2011-07-15,0.072577025
2011-07-15,0.094255877
2011-07-23,0.060795041
2011-07-23,0.058909923
2011-07-28,0.077761099
2011-07-28,0.166832902
2011-08-06,0.075404702
2011-08-06,0.098497392
2011-08-12,0.093313318
2011-08-12,0.093313318
2011-08-20,0.08435901
2011-08-20,0.07634726
2011-08-26,0.094255877
2011-08-26,0.092370759
2011-09-02,0.171545696
2011-09-02,0.169189299
2011-09-10,0.246007839
2011-09-10,0.229041781
2011-09-17,0.179086166
2011-09-17,0.181442563
2011-09-25,0.213960841
2011-09-25,0.207834209
2011-10-01,0.198408621
2011-10-01,0.207362929
2011-10-10,1.220613608
2011-10-10,1.27245434
2011-10-19,0.247421677
2011-10-19,0.212075723
2011-10-25,0.869510466
2011-10-25,0.33696476
2011-11-01,0.473635782
2011-11-01,1.458609697
2011-11-01,0.450071813
2011-11-01,0.440646225
2012-11-09,0.713988269
2012-11-09,0.706919078
2012-11-17,2.050065325
2012-11-17,2.00058099
2011-11-22,0.930122231
2011-11-22,1.013250678
2011-12-01,2.921932188
2011-12-01,2.85124028
2011-12-27,5.381488372
2011-12-27,5.369476121
2012-01-04,24.23111238
2012-01-04,25.01911603
2012-01-10,15.26757081
2012-01-10,16.35107583
2012-01-18,2.498548173
2012-01-18,2.786842193
2012-01-26,3.071465803
2012-01-26,0.817500404
2012-01-31,1.272964914
2012-01-31,1.226250606
2012-02-07,2.896287145
2012-02-07,2.674394178
2012-02-14,4.437859335
2012-02-14,4.134216328
2012-02-22,5.313752624
2012-02-22,4.858288114
2012-03-06,4.04078771
2012-03-06,4.087502019
2012-03-13,5.453895551
2012-03-13,5.161931121
2012-03-20,5.220324007
2012-03-20,5.500609859
2012-03-28,2.93071
2012-04-03,1.28598
2012-04-10,1.26727
2012-04-17,0.54351
2012-04-24,0.39189
2012-05-01,0.23995
2012-05-08,0.22141
2012-05-15,0.13405
2012-05-23,0.1046
2012-05-29,0.13584
2012-06-05,0.11192
2012-06-12,0.07776
2012-06-19,0.04246
2012-06-26,0.04278
2012-07-03,0.04311
2012-07-10,0.07841
2012-07-16,0.06442
2012-07-17,0.04864
2012-07-24,0.0401
2012-07-31,0.06458
2012-08-07,0.04319
2012-08-15,0.04612
2012-08-21,0.07841
2012-08-28,0.06906
2012-09-04,0.09102
2012-09-11,0.14478
2012-09-19,0.2123
2012-09-25,2.40684
2012-10-04,0.24483
2012-10-13,0.35952
2012-10-20,0.62469
2012-10-27,0.56531
2012-11-02,0.82966
2012-11-16,15.40571
2012-11-23,10.04543
2012-11-30,49.37311
2012-12-06,38.96164
2012-12-13,14.72246
2012-12-21,0.56124
2012-12-29,0.26029
2013-01-05,1.02813
2013-01-14,7.16601
2013-01-19,0.89636
2013-01-26,2.05789
2013-02-01,2.26124
2013-02-08,1.16316
2013-02-14,1.83827
2013-02-21,1.43971
2013-02-28,2.24497
2013-03-07,2.1799
2013-03-15,2.44019
2013-03-23,0.89392
2013-03-29,0.44818
2013-04-05,0.308243724
2013-04-12,0.339278103
2013-04-20,0.44754842
2013-04-27,0.864529142
2013-05-03,0.992166778
2013-05-10,0.834428127
2013-05-17,1.205907316
2013-05-24,0.808993937
2013-05-31,0.448248443
2013-06-08,0.241974823
2013-06-14,0.139538037
2013-06-21,0.18107277
2013-06-28,0.115503893
2013-07-05,0.171972464
2013-07-12,0.092169774
2013-07-19,0.080269372
2013-07-26,0.068018959
2013-08-02,0.140238061
2013-08-09,0.065102195
2013-08-16,0.170572416
2013-08-23,0.084586185
2013-08-30,0.139188025
2013-09-07,-0.060085359
2013-09-13,0.193206513
2013-09-20,0.261808825
2013-09-27,0.191806466
2013-10-04,0.255975295
2013-10-11,0.321777513
2013-10-18,0.714724092
2013-10-25,2.826461943
2013-11-01,0.184572888
2013-11-08,0.136971284
2013-11-15,0.156805286
2013-11-22,0.173839193
2013-12-01,0.312677207
2013-12-04,0.0931
2013-12-06,1.092270152
2013-12-09,0.1514
2013-12-13,1.483583343
2013-12-17,0.7311
2013-12-20,0.1234
2013-12-25,0.0003
2013-12-29,7.550221174
2014-01-01,6.6207
2014-01-05,11.14134223
2014-01-06,21.6587
2014-01-10,10.60535749
2014-01-13,7.3829
2014-01-17,11.57349013
2014-01-22,10.2577
2014-01-25,6.52188651
2014-01-28,4.1978
2014-02-04,3.6588
2014-02-08,5.902598968
2014-02-11,5.2268
2014-02-15,1.294810313
2014-02-18,0.6125
2014-02-21,0.93033136
2014-02-25,2.4256
2014-03-01,2.90579795
2014-03-03,1.8784
2014-03-07,0.444981666
2014-03-11,0.6044
2014-03-14,0.922720369
2014-03-18,0.3365
2014-03-21,0.466183376
2014-03-28,0.312192028
2014-04-04,0.189069104
2014-04-11,0.389889257
2014-04-18,0.348497505
2014-04-25,0.386206093
2014-05-02,0.3735781
2014-05-09,0.272729552
2014-05-16,0.194681545
2014-05-23,0.201697096
2014-05-30,0.118387426
2014-06-06,0.229759301
2014-06-13,0.131541585
2014-06-20,0.138557136
2014-06-27,0.097340773
2014-07-04,0.131541585
2014-07-11,0.069278568
2014-07-18,0.08330967
2014-07-25,0.080678839
2014-08-02,0.078924951
2014-08-08,0.089974444
2014-08-15,-0.014995741
2014-08-22,0.098217717
2014-08-29,0.116896622
2014-09-05,0.184333607
2014-09-12,0.13943408
2014-09-19,0.163725426
2014-09-26,0.176441112
2014-10-07,0.214851255
2014-10-14,0.350251393
2014-10-21,0.153114405
2014-10-28,0.226426914
2014-11-04,0.307105753
2014-11-11,0.373051934
2014-11-18,0.20836187
2014-11-25,0.575099808
2014-12-02,2.1914828
2014-12-09,29.73229176
2014-12-18,0.204964176
2014-12-25,-0.001920039
2015-01-01,1.23706192
2015-01-08,7.574408613
2015-01-15,8.974522191
2015-01-22,18.30602459
2015-01-29,1.40805851
2015-02-05,0.890554574
2015-02-12,2.049972847
2015-02-19,2.74551547
2015-02-26,2.761224766
2015-03-05,1.912742215
2015-03-12,1.424490072
2015-03-19,0.474167946
2015-03-26,0.558313494
2015-04-02,1.160873887
2015-04-09,4.729877321
2015-04-16,4.387201458
2015-04-23,2.389860542
2015-04-30,0.902467774
2015-05-07,0.342992667
2015-05-14,0.385444345
2015-05-21,0.210040768
2015-05-28,0.197157423
2015-06-04,0.136436738
2015-06-11,0.115985308
2015-06-18,0.066616751
2015-06-25,0.059312669
2015-07-02,1.15941307
2015-07-09,0.415540685
2015-07-16,0.032032361
2015-08-19,0.074800843
2015-08-27,0.077910212
2015-09-03,0.107009206
2015-09-10,0.072688819
2015-09-17,0.080784911
2015-09-24,0.178055341
2015-10-01,0.184802083
2015-10-08,0.22352252
2015-10-15,0.106950539
2015-11-05,0.291107282
2015-11-12,0.61116689
2015-11-19,0.415892688
2015-11-27,0.838473452
2015-12-03,3.062434524
2015-12-10,3.194436012
2015-12-17,4.338448909
2015-12-24,8.351294147
2015-12-31,23.21466171
2016-01-01,16.21858284
2016-01-15,29.24272966
2016-01-21,19.14901587
2016-01-28,25.34428571
2016-02-04,25.78429067
2016-02-11,27.99161454
2016-02-18,14.18631704
2016-02-25,6.779039428
2016-03-03,1.901821848
2016-03-10,1.08922524
2016-03-31,0.348697671
2016-04-07,0.230766517
2016-04-15,0.257519418
2016-04-21,0.285728259
2016-04-28,0.314847062
2016-05-05,0.246599866
2016-05-12,0.198371848
2016-05-19,0.161973344
2016-05-26,0.236590278
2016-06-02,0.114655288
2016-06-09,0.199281811
2016-06-16,0.757452874
2016-06-23,0.142500144
2016-06-30,0.073797967
2016-07-07,0.080440694
2016-07-14,0.075162911
2016-07-21,0.069703136
2016-07-28,0.401111517
2016-08-04,0.060876498
2016-08-11,0.066791255
2016-08-18,0.086355451
2016-08-25,0.071705053
2016-09-01,0.112380382
2016-09-08,0.202011699
2016-09-15,0.204741587
2016-09-22,0.169253045
2016-09-29,0.234770353
2016-10-06,0.23750024
2016-10-13,0.266983029
2016-10-20,0.364895005
2016-10-27,0.776926074
2016-11-03,0.386370123
2016-11-10,1.06684016
2016-11-17,3.801459786
2016-11-24,1.389512901
2016-12-01,1.963699306
2016-12-08,4.884861266
2016-12-15,4.502312986
2016-12-29,29.10246049
2017-01-06,9.807030999
2017-01-12,4.074084583
2017-01-19,4.367820513
2017-01-26,9.895843349
2017-02-02,2.784485577
2017-02-09,16.85250748
2017-02-16,1.738028579
2017-02-23,2.08381437
2017-03-02,1.191141052
2017-03-09,1.190319785
2017-03-16,1.183410798
2017-03-23,1.125177907
2017-03-30,0.717448965
2017-04-06,0.625756836
2017-04-13,0.426383207
2017-04-20,0.24181455
2017-04-27,0.144101732
2017-05-04,0.158906704
2017-05-11,0.157919706
2017-05-18,0.073432663
2017-05-25,0.126335765
2017-06-01,0.1075828
2017-06-08,0.085276641
2017-06-15,0.095738822
2017-06-22,0.103634807
2017-06-29,0.095738822
2017-07-06,0.063069183
2017-07-13,0.070767768
2017-07-20,0.150023721
2017-07-27,0.277346484
2017-08-03,0.114393087
2017-08-10,0.083796144
2017-08-17,0.110247695
2017-08-24,0.125447467
2017-09-02,0.191477644
2017-09-07,0.201347625
2017-09-14,0.281294477
2017-09-21,0.40841984
2017-09-29,0.240827552
2017-10-05,0.140153739
2017-10-12,0.116169684
2017-10-20,0.100081614
2017-10-27,0.135218748
2017-11-03,0.15594571
2017-11-29,1.474180457
2017-11-30,7.037889106
2017-12-07,1.865426529
2017-12-14,1.303034976
2017-12-21,3.296376467
2017-12-29,1.267108242
2018-01-05,3.217416614
2018-01-11,1.872335516
2018-01-19,1.312707558
2018-01-26,3.030084362
2018-02-02,10.10587202
2018-02-09,3.091900843
2018-02-15,3.924550298
2018-02-23,3.515355481
2018-03-01,1.634919295
2018-03-08,3.080740985
2018-03-16,3.682753361
2018-03-22,4.084776084
2018-03-30,1.864458481
2018-04-06,0.8767213
2018-04-13,0.661532985
2018-04-21,0.415168977
2018-04-28,0.361942185
2018-05-03,0.187921056
2018-05-11,0.257581447
2018-05-18,0.31509177
2018-05-25,0.291601638
2018-06-01,0.277831561
2018-06-08,0.217081219
2018-06-16,0.158922893
2018-06-22,
2018-06-29,
2018-07-06,0.093960528
2018-07-13,0.08019045
2018-07-21,0.081000455
2018-07-27,0.876424923
2018-08-03,0.113400637
2018-08-10,0.112590632
2018-08-18,0.116721656
2018-08-24,0.147420828
2018-08-31,0.18873106
2018-09-08,0.335341884
2018-09-15,0.49491278
2018-09-21,0.393662211
2018-09-28,0.428492407
2018-10-04,0.276211551
2018-10-12,0.357212006
2018-10-18,0.397712234
2018-10-26,0.635853571
2018-11-04,0.868324877
2018-11-09,1.432898048
2018-11-17,11.08896228
2018-11-29,2.664914968
2018-12-07,2.089811738
2018-12-13,2.016911329
2018-12-21,2.106011829
2018-12-28,1.365841336
2019-01-03,1.287868354
2019-01-11,1.641813126
2019-01-21,8.261631684
2019-01-25,0.614146746
2019-02-08,13.88347798
2019-02-14,8.221546178
2019-02-21,1.16430054
2019-03-01,1.071636019
2019-03-08,9.1512694
2019-03-14,5.3055298
2019-03-22,6.245135077
2019-03-29,1.948
2019-04-04,1.159
2019-04-14,0.661
2019-04-19,0.214
2019-05-02,0.049
2019-05-14,0.079
2019-05-17,0.013
2019-05-24,0.055
2019-05-31,0.204
2019-06-06,0.485
2019-06-18,0.374
2019-06-21,0.714
2019-06-28,0.977
2019-07-04,0.764
2019-07-11,0.516
2019-07-19,0.357
2019-07-27,0.418
2019-08-02,1.004
2019-08-08,0.741
2019-08-15,-0.111
2019-08-23,-0.06
2019-08-30,-0.188
2019-09-06,-0.074
2019-09-12,0.085
2019-09-20,0.308
2019-09-27,1.119
2019-09-28,0.801
2019-10-03,-0.633
2019-10-12,-0.76
2019-10-13,-0.075
2019-10-26,-1.186
2019-10-31,-0.034
2019-11-01,0.508
2019-11-14,0.182
2019-11-21,0.407
2019-11-28,0.632
2019-12-05,0.705
2019-12-12,3.727
2019-12-19,0.863
2019-12-26,6.179
2020-01-02,4.212
2020-01-09,2.57
2020-01-16,0.267
2020-01-23,0.933
2020-01-30,1.495
2020-02-06,0.864
2020-02-13,1.106
2020-02-20,1.76
2020-02-27,2.423
2020-03-05,2.226
2020-03-12,1.623
2020-03-19,1.275
2020-04-07,0.666
2020-04-10,0.433
2020-04-17,0.322
2020-04-23,0.357
2020-04-30,0.26
2020-05-07,0.264
2020-05-14,0.229
2020-05-22,0.217
2020-05-28,0.183
2020-06-04,0.131
2020-06-12,0.132
2020-06-18,0.124
2020-06-26,0.288
2020-07-02,0.08
2020-07-09,0.061
2020-07-16,0.078
2020-07-23,0.122
2020-08-01,0.076
2020-08-07,0.084
2020-08-14,0.106
2020-08-20,0.197
2020-08-27,0.212
2020-09-03,0.223
2020-09-10,0.226
2020-09-17,0.206
2020-09-24,0.244
2020-10-02,0.34
2020-10-09,0.405
2020-10-15,0.45
2020-10-24,0.655
2020-10-29,1.084
2020-11-06,0.74
2020-11-13,0.545
2020-11-20,0.471
2020-11-26,0.325
2020-12-03,0.215
2020-12-12,1.088
2020-12-17,1.01
2020-12-24,1.373
2020-12-31,2.751
2021-01-07,4.743
2021-01-15,3.055
2021-01-21,2.17
2021-01-28,0.871
2021-02-04,6.735
2021-02-11,2.885
2021-02-18,1.642
2021-02-25,2.285
2021-03-04,1.142
2021-03-11,1.506
2021-03-19,1.983
2021-03-25,2.68
2021-04-01,3.162
2021-04-08,4.93
2021-04-15,2.56
2021-04-22,1.41
2021-04-29,1.37
2021-05-06,0.422
