studyName,Island,Colony,Site Number,Nest Number,Egg 1 Lay Date,Egg 2 Lay Date,Egg 1 Loss Date,Egg 2 Loss Date,Chick 1 Hatch Date,Chick 2 Hatch Date,Chick 1 Loss Date,Chick 2 Loss Date,Chick 1 Creche Date,Chick 2 Creche Date,Notes
PAL9192,HUM,2,1,1,44,47,0,0,79,80,0,0,107,107,NULL
PAL9192,HUM,2,1,2,49,52,0,0,85,87,0,0,111,111,NULL
PAL9192,HUM,2,1,3,46,49,0,0,82,83,0,0,107,107,NULL
PAL9192,HUM,2,1,4,49,52,0,0,85,86,0,0,111,114,NULL
PAL9192,HUM,2,1,5,45,48,0,0,79,80,0,0,111,112,NULL
PAL9192,HUM,2,2,1,0,0,0,0,0,0,0,0,0,0,NULL
PAL9192,HUM,2,2,2,0,0,0,0,0,0,0,0,0,0,NULL
PAL9192,HUM,2,2,3,48,51,0,0,87,0,93,0,0,0,NULL
PAL9192,HUM,2,2,4,46,49,0,0,0,0,0,0,0,0,NULL
PAL9192,HUM,2,2,5,0,0,0,0,0,0,0,0,0,0,NULL
PAL9192,HUM,2,3,1,51,54,0,0,88,90,0,0,116,118,NULL
PAL9192,HUM,2,3,2,46,49,0,0,83,83,0,0,111,114,NULL
PAL9192,HUM,2,3,3,48,51,0,0,82,83,0,0,109,112,NULL
PAL9192,HUM,2,3,4,48,51,0,0,85,85,0,0,111,114,NULL
PAL9192,HUM,2,3,5,50,53,0,92,87,0,0,0,112,0,NULL
PAL9192,HUM,2,4,1,49,52,0,0,86,86,0,0,116,117,NULL
PAL9192,HUM,2,4,2,49,52,0,0,86,89,0,0,116,117,NULL
PAL9192,HUM,2,4,3,49,52,0,999,85,0,0,0,116,0,NULL
PAL9192,HUM,2,4,4,50,53,0,0,87,88,0,0,111,112,NULL
PAL9192,HUM,2,4,5,53,56,0,93,90,0,0,0,117,0,NULL
PAL9192,HUM,2,5,1,53,56,0,0,90,90,0,0,116,118,NULL
PAL9192,HUM,2,5,2,54,57,0,63,91,0,0,0,117,0,NULL
PAL9192,HUM,2,5,3,43,46,0,0,80,82,0,83,117,0,NULL
PAL9192,HUM,2,5,4,46,49,0,0,82,83,0,97,117,0,NULL
PAL9192,HUM,2,5,5,49,52,0,0,88,89,0,0,116,118,NULL
PAL9192,HUM,2,6,1,54,57,59,59,0,0,0,0,0,0,NULL
PAL9192,HUM,2,6,2,44,47,0,0,81,81,0,104,116,0,NULL
PAL9192,HUM,2,6,3,46,49,0,0,81,82,0,0,113,115,NULL
PAL9192,HUM,2,6,4,43,46,0,49,85,0,0,0,118,0,NULL
PAL9192,HUM,2,6,5,48,51,0,0,85,86,0,0,113,113,NULL
PAL9192,HUM,2,7,1,46,49,0,0,83,83,0,85,120,0,NULL
PAL9192,HUM,2,7,2,46,49,0,0,83,83,0,0,107,109,NULL
PAL9192,HUM,2,7,3,46,49,0,0,83,86,0,0,109,110,NULL
PAL9192,HUM,2,7,4,47,50,0,999,83,0,0,0,109,0,NULL
PAL9192,HUM,2,7,5,44,47,0,0,81,82,0,0,109,109,NULL
PAL9192,HUM,2,8,1,45,48,0,0,81,81,0,82,111,0,NULL
PAL9192,HUM,2,8,2,47,50,0,0,84,86,0,0,108,109,NULL
PAL9192,HUM,2,8,3,46,49,0,0,86,87,0,0,112,113,NULL
PAL9192,HUM,2,8,4,43,46,0,0,81,81,0,0,112,112,NULL
PAL9192,HUM,2,8,5,44,47,0,0,81,82,0,0,111,111,NULL
PAL9192,HUM,2,9,1,44,47,0,0,0,0,0,0,0,0,NULL
PAL9192,HUM,2,9,2,46,49,0,0,0,0,0,0,0,0,NULL
PAL9192,HUM,2,9,3,43,46,0,0,0,0,0,0,0,0,NULL
PAL9192,HUM,2,9,4,43,46,0,0,0,0,0,0,0,0,NULL
PAL9192,HUM,2,9,5,42,45,0,0,0,0,0,0,0,0,NULL
PAL9192,HUM,2,10,1,52,55,0,57,88,0,111,0,0,0,NULL
PAL9192,HUM,2,10,2,52,55,87,87,0,0,0,0,0,0,NULL
PAL9192,HUM,2,10,3,52,55,0,0,89,89,0,0,113,115,NULL
PAL9192,HUM,2,10,4,45,48,0,0,83,85,0,0,116,119,NULL
PAL9192,HUM,2,10,5,53,56,0,0,90,92,0,0,116,119,NULL
PAL9192,HUM,2,10,6,48,51,0,0,85,87,0,0,112,113,NULL
PAL9192,HUM,2.2,1,1,52,55,0,0,89,89,0,0,116,118,NULL
PAL9192,HUM,2.2,1,2,53,56,0,0,90,91,0,0,116,118,NULL
PAL9192,HUM,2.2,1,3,52,55,0,0,89,89,0,0,117,119,NULL
PAL9192,HUM,2.2,1,4,52,55,63,63,0,0,0,0,0,0,NULL
PAL9192,HUM,2.2,1,5,47,50,0,999,86,0,0,0,119,0,NULL
PAL9192,HUM,3,1,1,52,55,0,0,89,91,0,0,116,117,NULL
PAL9192,HUM,3,1,2,49,52,107,107,0,0,0,0,0,0,NULL
PAL9192,HUM,3,1,3,46,49,0,108,85,0,0,0,116,0,NULL
PAL9192,HUM,3,1,4,51,54,0,0,88,90,0,0,118,120,NULL
PAL9192,HUM,3,1,5,51,54,0,0,88,88,0,0,118,120,NULL
PAL9192,HUM,3,2,1,51,54,83,83,0,0,0,0,0,0,NULL
PAL9192,HUM,3,2,2,50,53,0,999,87,0,0,0,120,0,NULL
PAL9192,HUM,3,2,3,49,52,0,87,86,0,0,0,120,0,NULL
PAL9192,HUM,3,2,4,47,50,0,0,85,86,0,0,117,117,NULL
PAL9192,HUM,3,2,5,49,52,0,0,86,86,0,0,118,118,NULL
PAL9192,HUM,3,3,1,53,56,0,0,90,91,0,0,117,118,NULL
PAL9192,HUM,3,3,2,49,52,0,0,86,86,0,0,118,118,NULL
PAL9192,HUM,3,3,3,49,52,0,0,86,88,0,0,117,119,NULL
PAL9192,HUM,3,3,4,50,53,0,0,87,89,0,0,117,119,NULL
PAL9192,HUM,3,3,5,56,58,0,0,93,95,0,0,119,120,NULL
PAL9192,HUM,3.1,1,1,50,53,0,0,87,87,0,0,116,116,NULL
PAL9192,HUM,3.1,1,2,51,54,0,0,88,90,0,0,116,116,NULL
PAL9192,HUM,3.1,1,3,54,57,0,999,91,0,0,0,119,0,NULL
PAL9192,HUM,3.1,1,4,53,56,0,0,90,90,0,0,116,116,NULL
PAL9192,HUM,3.1,1,5,54,57,0,999,91,0,0,0,116,0,NULL
PAL9192,HUM,4,1,1,51,54,0,0,88,89,109,109,0,0,NULL
PAL9192,HUM,4,1,2,49,52,0,0,85,87,0,0,112,114,NULL
PAL9192,HUM,4,1,3,50,53,0,0,87,88,0,91,118,0,NULL
PAL9192,HUM,4,1,4,51,54,0,63,88,0,0,0,118,0,NULL
PAL9192,HUM,4,1,5,52,55,0,77,89,0,0,0,118,0,NULL
PAL9192,HUM,4,2,1,52,55,0,0,89,90,0,0,113,113,NULL
PAL9192,HUM,4,2,2,52,55,0,63,89,0,0,0,116,0,NULL
PAL9192,HUM,4,2,3,53,56,0,0,90,93,0,0,117,118,NULL
PAL9192,HUM,4,2,4,53,56,63,63,0,0,0,0,0,0,NULL
PAL9192,HUM,4,2,5,48,52,0,0,87,88,0,0,111,112,NULL
PAL9192,HUM,5,1,1,55,58,0,0,92,94,0,0,119,120,NULL
PAL9192,HUM,5,1,2,49,52,0,0,85,86,0,0,112,113,NULL
PAL9192,HUM,5,1,3,47,50,0,0,83,84,0,0,116,116,NULL
PAL9192,HUM,5,1,4,49,52,0,0,86,87,0,0,116,116,NULL
PAL9192,HUM,5,1,5,54,57,0,0,91,92,0,111,117,0,NULL
PAL9192,HUM,5,2,1,45,48,0,0,84,84,0,0,111,111,NULL
PAL9192,HUM,5,2,2,48,51,0,0,89,90,0,0,116,117,NULL
PAL9192,HUM,5,2,3,52,55,0,0,85,86,0,0,111,113,NULL
PAL9192,HUM,5,2,4,53,56,0,0,90,90,0,0,117,117,NULL
PAL9192,HUM,5,2,5,46,49,0,74,83,0,0,0,117,0,NULL
PAL9192,HUM,5,2,6,48,51,0,0,85,85,0,0,116,116,NULL
PAL9192,HUM,5,3,1,48,51,0,0,85,86,0,0,112,112,NULL
PAL9192,HUM,5,3,2,48,51,63,66,0,0,0,0,0,0,NULL
PAL9192,HUM,5,3,3,53,56,0,64,90,0,0,0,111,0,NULL
PAL9192,HUM,5,3,4,49,52,0,0,86,87,0,0,116,118,NULL
PAL9192,HUM,5,3,5,48,51,78,78,0,0,0,0,0,0,NULL
PAL9293,HUM,2,1,1,43,46,0,0,80,81,0,0,107,107,NULL
PAL9293,HUM,2,1,2,44,47,0,0,81,82,0,0,110,110,NULL
PAL9293,HUM,2,1,3,38,41,0,0,75,77,0,0,107,107,NULL
PAL9293,HUM,2,1,4,42,45,0,0,78,79,0,0,107,107,NULL
PAL9293,HUM,2,1,5,39,42,0,0,78,79,0,0,107,107,NULL
PAL9293,HUM,2,2,1,42,45,0,0,79,80,0,0,111,111,NULL
PAL9293,HUM,2,2,2,39,0,87,0,0,0,0,0,0,0,NULL
PAL9293,HUM,2,2,3,44,47,49,0,0,81,0,0,0,111,NULL
PAL9293,HUM,2,2,4,39,42,54,0,0,76,0,0,0,107,NULL
PAL9293,HUM,2,2,5,38,41,0,0,75,76,81,81,0,0,NULL
PAL9293,HUM,2,3,1,41,0,65,0,0,0,0,0,0,0,NULL
PAL9293,HUM,2,3,2,41,44,0,0,78,79,0,0,110,110,NULL
PAL9293,HUM,2,3,3,35,38,0,89,72,0,0,0,112,0,NULL
PAL9293,HUM,2,3,4,38,41,0,0,74,74,0,0,110,110,NULL
PAL9293,HUM,2,3,5,37,40,0,80,73,0,74,0,0,0,NULL
PAL9293,HUM,2,4,1,38,41,65,65,0,0,0,0,0,0,NULL
PAL9293,HUM,2,4,2,38,0,56,0,0,0,0,0,0,0,NULL
PAL9293,HUM,2,4,3,40,43,0,0,78,79,0,0,112,112,NULL
PAL9293,HUM,2,4,4,38,41,0,0,75,78,87,87,0,0,NULL
PAL9293,HUM,2,4,5,39,42,0,65,76,0,85,0,0,0,NULL
PAL9293,HUM,2,5,1,39,42,0,0,74,75,0,0,110,110,NULL
PAL9293,HUM,2,5,2,39,42,0,0,75,76,0,0,107,107,NULL
PAL9293,HUM,2,5,3,39,42,0,0,75,76,0,0,110,110,NULL
PAL9293,HUM,2,5,4,38,41,0,0,74,75,0,0,107,107,NULL
PAL9293,HUM,2,5,5,37,40,0,0,72,74,0,0,107,107,NULL
PAL9293,HUM,2,6,1,44,47,0,0,81,82,0,93,107,0,NULL
PAL9293,HUM,2,6,2,47,50,0,0,84,85,0,0,107,0,NULL
PAL9293,HUM,2,6,3,38,41,0,0,77,79,0,0,107,0,NULL
PAL9293,HUM,2,6,4,38,41,0,0,72,75,0,0,107,0,NULL
PAL9293,HUM,2,6,5,42,45,0,0,79,79,0,0,107,0,NULL
PAL9293,HUM,2,7,1,39,42,68,68,0,0,0,0,0,0,NULL
PAL9293,HUM,2,7,2,38,41,0,0,76,78,0,0,110,110,NULL
PAL9293,HUM,2,7,3,38,41,0,0,75,76,0,0,112,112,NULL
PAL9293,HUM,2,7,4,38,41,75,75,0,0,0,0,0,0,NULL
PAL9293,HUM,2,7,5,40,43,0,0,77,79,0,0,110,110,NULL
PAL9293,HUM,2,8,1,37,40,0,0,74,75,0,0,112,112,NULL
PAL9293,HUM,2,8,2,38,42,0,0,76,77,0,0,112,112,NULL
PAL9293,HUM,2,8,3,42,45,0,0,75,75,0,0,110,110,NULL
PAL9293,HUM,2,8,4,38,41,0,0,76,78,0,0,112,112,NULL
PAL9293,HUM,2,8,5,38,41,0,0,74,75,0,0,112,112,NULL
PAL9293,HUM,2,9,1,46,49,0,83,83,83,0,0,116,0,NULL
PAL9293,HUM,2,9,2,46,49,0,0,83,83,0,0,116,116,NULL
PAL9293,HUM,2,9,3,46,49,54,54,0,0,0,0,0,0,NULL
PAL9293,HUM,2,9,4,46,49,0,0,83,83,0,0,110,110,NULL
PAL9293,HUM,2,9,5,44,47,0,81,82,0,0,0,114,0,NULL
PAL9293,HUM,2,10,1,46,49,79,79,0,0,0,0,0,0,NULL
PAL9293,HUM,2,10,2,46,49,0,81,83,0,0,0,110,0,NULL
PAL9293,HUM,2,10,3,42,45,0,0,79,81,93,0,0,110,NULL
PAL9293,HUM,2,10,4,38,41,0,0,75,77,0,0,110,110,NULL
PAL9293,HUM,2,10,5,42,45,0,0,79,79,0,0,110,110,NULL
PAL9293,HUM,2.2,1,1,46,49,0,0,84,85,0,0,112,112,NULL
PAL9293,HUM,2.2,1,2,41,44,0,0,78,79,0,0,107,107,NULL
PAL9293,HUM,2.2,1,3,45,48,0,0,82,83,0,0,114,114,NULL
PAL9293,HUM,2.2,1,4,41,44,0,0,78,79,0,0,112,112,NULL
PAL9293,HUM,2.2,1,5,39,42,0,0,76,78,0,0,112,112,NULL
PAL9293,HUM,3,1,1,39,42,0,0,78,79,0,0,110,110,NULL
PAL9293,HUM,3,1,2,42,45,0,0,79,80,0,0,112,112,NULL
PAL9293,HUM,3,1,3,38,41,0,0,74,76,0,0,110,110,NULL
PAL9293,HUM,3,1,4,43,46,0,84,80,0,0,0,110,0,NULL
PAL9293,HUM,3,1,5,39,42,0,0,76,78,0,0,107,107,NULL
PAL9293,HUM,3,2,1,44,47,0,0,78,78,0,0,112,112,NULL
PAL9293,HUM,3,2,2,38,41,0,82,74,0,0,0,110,0,NULL
PAL9293,HUM,3,2,3,41,44,0,0,78,80,0,0,110,110,NULL
PAL9293,HUM,3,2,4,41,44,0,0,78,79,0,0,110,110,NULL
PAL9293,HUM,3,2,5,41,44,0,0,78,80,0,0,110,110,NULL
PAL9293,HUM,3,3,1,43,46,0,0,80,80,0,0,112,112,NULL
PAL9293,HUM,3,3,2,49,0,0,0,89,0,0,0,112,0,NULL
PAL9293,HUM,3,3,3,39,42,0,0,74,76,0,0,110,110,NULL
PAL9293,HUM,3,3,4,39,42,0,82,76,0,0,0,112,0,NULL
PAL9293,HUM,3,3,5,42,45,0,71,79,0,0,0,112,0,NULL
PAL9293,HUM,3.1,1,1,43,46,0,0,80,81,0,0,114,114,NULL
PAL9293,HUM,3.1,1,2,43,46,0,0,80,82,0,0,116,116,NULL
PAL9293,HUM,3.1,1,3,43,46,62,89,0,0,0,0,0,0,NULL
PAL9293,HUM,3.1,1,4,50,53,0,0,87,89,0,0,121,121,NULL
PAL9293,HUM,3.1,1,5,46,49,52,52,0,0,0,0,0,0,NULL
PAL9293,HUM,4,1,1,39,41,0,0,76,78,0,0,107,107,NULL
PAL9293,HUM,4,1,2,46,49,0,0,83,85,0,0,110,110,NULL
PAL9293,HUM,4,1,3,39,41,0,0,76,78,0,0,110,110,NULL
PAL9293,HUM,4,1,4,40,43,0,0,77,79,0,0,107,107,NULL
PAL9293,HUM,4,1,5,38,41,0,0,75,77,0,0,110,110,NULL
PAL9293,HUM,4,2,1,44,47,0,85,84,0,0,0,112,112,NULL
PAL9293,HUM,4,2,2,46,49,0,0,83,84,94,0,107,107,NULL
PAL9293,HUM,4,2,3,40,43,0,0,77,77,0,0,107,107,NULL
PAL9293,HUM,4,2,4,42,45,0,0,79,79,0,0,107,107,NULL
PAL9293,HUM,4,2,5,40,43,0,0,77,77,0,0,112,112,NULL
PAL9293,HUM,5,1,1,46,49,0,0,83,83,0,0,107,107,NULL
PAL9293,HUM,5,1,2,46,49,0,0,83,85,93,0,0,107,NULL
PAL9293,HUM,5,1,3,42,45,0,0,79,82,93,0,0,107,NULL
PAL9293,HUM,5,1,4,45,48,0,0,82,85,0,0,107,107,NULL
PAL9293,HUM,5,1,5,46,49,0,0,83,84,0,0,107,107,NULL
PAL9293,HUM,5,2,1,49,52,0,91,81,0,0,0,110,0,NULL
PAL9293,HUM,5,2,2,39,42,0,0,76,79,0,0,110,110,NULL
PAL9293,HUM,5,2,3,46,49,0,0,83,84,0,0,110,110,NULL
PAL9293,HUM,5,2,4,42,45,0,0,79,79,0,0,112,112,NULL
PAL9293,HUM,5,2,5,44,47,0,0,81,83,0,0,110,110,NULL
PAL9293,HUM,5,3,1,42,45,65,65,0,0,0,0,0,0,NULL
PAL9293,HUM,5,3,2,45,48,66,66,0,0,0,0,0,0,NULL
PAL9293,HUM,5,3,3,45,48,0,0,79,79,0,0,110,110,NULL
PAL9293,HUM,5,3,4,41,44,0,0,79,79,0,0,110,110,NULL
PAL9293,HUM,5,3,5,41,44,66,66,0,0,0,0,0,0,NULL
PAL9394,HUM,2,1,1,45,46,0,0,77,78,0,0,112,112,NULL
PAL9394,HUM,2,1,2,43,45,0,0,77,78,0,0,112,112,NULL
PAL9394,HUM,2,1,3,47,50,0,0,81,81,0,0,112,112,NULL
PAL9394,HUM,2,1,4,49,51,0,44,86,0,0,0,112,0,NULL
PAL9394,HUM,2,1,5,43,46,0,44,77,0,0,0,112,0,NULL
PAL9394,HUM,2,2,1,45,49,75,75,0,0,0,0,0,0,NULL
PAL9394,HUM,2,2,2,47,49,0,73,82,0,0,0,114,0,NULL
PAL9394,HUM,2,2,3,50,53,66,66,0,0,0,0,0,0,NULL
PAL9394,HUM,2,2,4,46,49,0,0,81,82,0,0,114,114,NULL
PAL9394,HUM,2,2,5,47,50,0,0,81,82,0,0,114,114,NULL
PAL9394,HUM,2,3,1,47,50,0,0,83,83,0,0,108,108,NULL
PAL9394,HUM,2,3,2,47,50,0,0,83,83,0,0,108,108,NULL
PAL9394,HUM,2,3,3,46,49,0,0,81,81,0,0,108,108,NULL
PAL9394,HUM,2,3,4,45,47,0,0,79,80,0,0,108,108,NULL
PAL9394,HUM,2,3,5,43,45,0,0,78,78,0,0,108,108,NULL
PAL9394,HUM,2,4,1,45,48,0,0,80,81,0,0,112,112,NULL
PAL9394,HUM,2,4,2,47,49,0,0,83,83,0,0,112,112,NULL
PAL9394,HUM,2,4,3,45,48,0,73,82,0,0,0,112,0,NULL
PAL9394,HUM,2,4,4,47,50,73,73,0,0,0,0,0,0,NULL
PAL9394,HUM,2,4,5,47,50,0,0,84,84,0,0,112,112,NULL
PAL9394,HUM,2,5,1,45,48,49,84,0,0,0,0,0,0,NULL
PAL9394,HUM,2,5,2,43,46,0,0,79,79,0,0,112,112,NULL
PAL9394,HUM,2,5,3,41,43,73,0,0,76,0,0,0,112,NULL
PAL9394,HUM,2,5,4,46,49,0,73,81,0,0,0,112,0,NULL
PAL9394,HUM,2,5,5,45,48,0,0,83,83,0,0,112,112,NULL
PAL9394,HUM,2,6,1,43,45,0,0,78,79,0,0,112,112,NULL
PAL9394,HUM,2,6,2,45,47,0,0,78,81,0,0,111,111,NULL
PAL9394,HUM,2,6,3,41,45,0,0,76,78,0,0,111,111,NULL
PAL9394,HUM,2,6,4,43,47,0,0,80,81,0,0,112,112,NULL
PAL9394,HUM,2,6,5,43,45,0,0,81,82,0,0,112,112,NULL
PAL9394,HUM,2,7,1,45,47,0,0,78,79,0,0,112,112,NULL
PAL9394,HUM,2,7,2,43,45,0,0,82,82,0,0,114,114,NULL
PAL9394,HUM,2,7,3,45,47,0,0,82,82,0,0,114,114,NULL
PAL9394,HUM,2,7,4,43,45,0,0,80,80,0,0,114,114,NULL
PAL9394,HUM,2,7,5,45,47,0,0,81,81,0,70,114,0,NULL
PAL9394,HUM,2,8,1,45,47,0,0,77,79,0,0,111,111,NULL
PAL9394,HUM,2,8,2,43,45,0,0,78,79,0,0,111,111,NULL
PAL9394,HUM,2,8,3,45,48,0,0,80,82,0,0,111,111,NULL
PAL9394,HUM,2,8,4,45,47,0,0,82,83,0,0,111,111,NULL
PAL9394,HUM,2,8,5,45,47,0,0,81,81,0,0,112,112,NULL
PAL9394,HUM,2,9,1,45,48,0,0,82,82,0,0,111,111,NULL
PAL9394,HUM,2,9,2,45,48,0,0,83,84,0,0,111,111,NULL
PAL9394,HUM,2,9,3,48,52,0,0,85,85,0,0,112,112,NULL
PAL9394,HUM,2,9,4,50,54,0,0,85,0,0,0,112,0,NULL
PAL9394,HUM,2,9,5,47,49,0,0,82,82,0,0,112,112,NULL
PAL9394,HUM,2,10,1,47,49,0,0,81,81,0,0,108,108,NULL
PAL9394,HUM,2,10,2,45,47,0,0,83,83,0,0,110,110,NULL
PAL9394,HUM,2,10,3,43,45,0,0,78,0,0,0,110,0,NULL
PAL9394,HUM,2,10,4,47,49,0,0,83,0,0,0,111,0,NULL
PAL9394,HUM,2,10,5,43,45,0,0,81,81,0,0,114,114,NULL
PAL9394,HUM,2.2,1,1,53,56,0,0,87,88,0,0,114,114,NULL
PAL9394,HUM,2.2,1,2,51,54,0,0,87,87,0,0,114,114,NULL
PAL9394,HUM,2.2,1,3,47,50,0,0,82,0,0,0,114,0,NULL
PAL9394,HUM,2.2,1,4,47,50,53,53,0,0,0,0,0,0,NULL
PAL9394,HUM,2.2,1,5,50,52,0,0,84,86,0,0,114,114,NULL
PAL9394,HUM,3,1,1,51,54,0,0,86,87,0,0,112,112,NULL
PAL9394,HUM,3,1,2,50,53,0,0,86,86,0,0,112,112,NULL
PAL9394,HUM,3,1,3,47,49,0,0,84,84,0,0,112,112,NULL
PAL9394,HUM,3,1,4,47,49,0,0,81,81,97,97,0,0,NULL
PAL9394,HUM,3,1,5,45,48,0,0,84,86,0,0,112,112,NULL
PAL9394,HUM,3,2,1,47,50,0,0,83,84,0,0,112,112,NULL
PAL9394,HUM,3,2,2,49,52,0,0,86,86,0,0,112,112,NULL
PAL9394,HUM,3,2,3,0,0,0,0,0,0,0,0,0,0,NULL
PAL9394,HUM,3,2,4,49,51,0,0,84,84,0,0,112,112,NULL
PAL9394,HUM,3,2,5,50,53,86,86,0,0,0,0,0,0,NULL
PAL9394,HUM,3,3,1,47,50,0,0,83,83,0,0,114,114,NULL
PAL9394,HUM,3,3,2,49,51,0,0,86,86,0,0,114,114,NULL
PAL9394,HUM,3,3,3,49,52,0,0,86,86,0,0,114,114,NULL
PAL9394,HUM,3,3,4,49,52,0,0,86,86,94,94,0,0,NULL
PAL9394,HUM,3,3,5,46,49,0,0,83,83,119,119,0,0,NULL
PAL9394,HUM,3,4,1,47,49,0,0,82,83,0,0,112,112,NULL
PAL9394,HUM,3,4,2,45,48,0,0,79,81,0,0,112,112,NULL
PAL9394,HUM,3,4,3,49,52,0,0,84,86,0,105,112,0,NULL
PAL9394,HUM,3,4,4,49,51,0,84,83,0,0,0,112,0,NULL
PAL9394,HUM,3,4,5,46,49,0,0,82,82,0,101,112,0,NULL
PAL9394,HUM,4,1,1,49,52,0,0,84,85,0,0,114,114,NULL
PAL9394,HUM,4,1,2,48,52,0,0,84,86,0,0,114,114,NULL
PAL9394,HUM,4,1,3,48,52,0,0,85,86,0,0,112,112,NULL
PAL9394,HUM,4,1,4,48,52,0,0,84,85,0,0,114,114,NULL
PAL9394,HUM,4,1,5,49,52,0,0,84,83,0,0,114,114,NULL
PAL9394,HUM,4,2,1,48,51,0,0,85,86,0,102,114,0,NULL
PAL9394,HUM,4,2,2,49,51,0,0,83,84,0,0,114,114,NULL
PAL9394,HUM,4,2,3,45,47,0,0,83,0,0,0,114,0,NULL
PAL9394,HUM,4,2,4,45,48,0,0,85,86,0,0,114,114,NULL
PAL9394,HUM,4,2,5,48,51,0,0,83,84,0,0,114,114,NULL
PAL9394,HUM,5,1,1,43,45,0,0,82,82,0,0,112,112,NULL
PAL9394,HUM,5,1,2,49,51,0,0,83,83,0,0,114,114,NULL
PAL9394,HUM,5,1,3,47,50,0,0,82,83,0,0,112,112,NULL
PAL9394,HUM,5,1,4,40,43,0,0,80,81,0,0,114,114,NULL
PAL9394,HUM,5,1,5,45,48,0,0,84,84,0,0,114,114,NULL
PAL9394,HUM,5,2,1,48,51,0,0,84,85,0,0,116,116,NULL
PAL9394,HUM,5,2,2,45,48,0,0,83,0,0,0,118,0,NULL
PAL9394,HUM,5,2,3,51,55,0,0,87,89,0,0,118,118,NULL
PAL9394,HUM,5,2,4,48,51,0,0,84,86,0,0,114,114,NULL
PAL9394,HUM,5,2,5,51,54,0,0,84,85,0,0,114,114,NULL
PAL9394,HUM,5,3,1,48,52,0,0,84,84,0,0,115,115,NULL
PAL9394,HUM,5,3,2,48,50,0,0,84,86,0,0,114,114,NULL
PAL9394,HUM,5,3,3,47,50,0,0,87,87,0,0,115,115,NULL
PAL9394,HUM,5,3,4,50,53,0,0,86,87,107,0,117,0,NULL
PAL9394,HUM,5,3,5,55,58,64,0,91,0,107,0,0,0,NULL
PAL9495,HUM,2,1,1,43,46,0,0,80,81,90,90,0,0,NULL
PAL9495,HUM,2,1,2,43,46,0,999,80,0,95,0,0,0,NULL
PAL9495,HUM,2,1,3,47,50,0,0,84,84,0,0,105,105,NULL
PAL9495,HUM,2,1,4,47,0,80,0,0,0,0,0,0,0,NULL
PAL9495,HUM,2,1,5,45,48,0,0,82,83,0,94,105,0,NULL
PAL9495,HUM,2,2,1,48,51,0,85,84,0,0,0,105,0,NULL
PAL9495,HUM,2,2,2,45,48,75,75,0,0,0,0,0,0,NULL
PAL9495,HUM,2,2,3,43,46,0,0,80,81,0,0,105,105,NULL
PAL9495,HUM,2,2,4,46,49,0,81,83,0,0,0,105,0,NULL
PAL9495,HUM,2,2,5,43,46,0,0,80,80,0,0,105,105,NULL
PAL9495,HUM,2,3,1,43,46,0,0,80,80,0,0,105,105,NULL
PAL9495,HUM,2,3,2,42,45,0,0,79,81,0,90,105,0,NULL
PAL9495,HUM,2,3,3,49,52,0,999,86,0,0,0,105,0,NULL
PAL9495,HUM,2,3,4,45,48,999,999,0,0,0,0,0,0,NULL
PAL9495,HUM,2,3,5,43,46,0,0,80,81,0,0,105,105,NULL
PAL9495,HUM,2,4,1,42,45,0,0,79,79,0,0,105,105,NULL
PAL9495,HUM,2,4,2,42,45,0,0,79,79,0,0,105,105,NULL
PAL9495,HUM,2,4,3,47,50,0,0,84,85,0,0,105,105,NULL
PAL9495,HUM,2,4,4,44,47,0,0,81,82,0,0,105,105,NULL
PAL9495,HUM,2,4,5,47,50,0,0,84,85,0,0,105,105,NULL
PAL9495,HUM,2,5,1,44,47,0,0,81,83,0,0,105,105,NULL
PAL9495,HUM,2,5,2,45,48,0,0,82,83,0,0,105,105,NULL
PAL9495,HUM,2,5,3,42,45,0,0,79,80,0,0,105,105,NULL
PAL9495,HUM,2,5,4,48,51,0,0,85,87,0,0,105,105,NULL
PAL9495,HUM,2,5,5,43,46,0,0,80,81,0,0,105,105,NULL
PAL9495,HUM,2,6,1,43,46,0,0,80,80,0,96,105,0,NULL
PAL9495,HUM,2,6,2,43,46,0,0,80,82,0,0,105,105,NULL
PAL9495,HUM,2,6,3,44,47,0,0,81,82,0,0,105,105,NULL
PAL9495,HUM,2,6,4,44,47,53,53,0,0,0,0,0,0,NULL
PAL9495,HUM,2,6,5,49,0,0,0,86,0,0,0,105,0,NULL
PAL9495,HUM,2,7,1,45,48,0,0,82,89,0,0,106,106,NULL
PAL9495,HUM,2,7,2,42,45,0,0,79,83,0,0,106,106,NULL
PAL9495,HUM,2,7,3,47,50,0,0,84,87,0,95,106,0,NULL
PAL9495,HUM,2,7,4,47,50,0,0,84,86,0,96,106,0,NULL
PAL9495,HUM,2,7,5,48,51,53,56,0,0,0,0,0,0,NULL
PAL9495,HUM,2,8,1,47,50,0,0,84,85,0,0,105,105,NULL
PAL9495,HUM,2,8,2,43,46,0,0,80,80,0,0,105,105,NULL
PAL9495,HUM,2,8,3,46,49,0,0,83,84,0,0,105,105,NULL
PAL9495,HUM,2,8,4,46,49,0,0,83,83,0,0,105,105,NULL
PAL9495,HUM,2,8,5,44,47,0,0,81,81,0,0,105,105,NULL
PAL9495,HUM,2,9,1,44,47,0,0,81,83,0,0,104,104,NULL
PAL9495,HUM,2,9,2,46,49,0,53,83,0,0,0,104,0,NULL
PAL9495,HUM,2,9,3,45,48,0,0,82,83,0,0,104,104,NULL
PAL9495,HUM,2,9,4,47,50,0,0,84,89,0,97,104,0,NULL
PAL9495,HUM,2,9,5,44,47,0,0,81,82,0,105,104,0,NULL
PAL9495,HUM,2,10,1,41,44,0,0,78,79,0,0,104,104,NULL
PAL9495,HUM,2,10,2,47,50,0,0,84,85,0,0,104,104,NULL
PAL9495,HUM,2,10,3,42,45,0,0,79,79,0,0,104,104,NULL
PAL9495,HUM,2,10,4,41,44,0,0,78,79,0,0,104,104,NULL
PAL9495,HUM,2,10,5,44,0,0,0,81,0,0,0,104,0,NULL
PAL9495,HUM,2.1,1,1,46,49,0,999,83,0,0,0,105,0,NULL
PAL9495,HUM,2.1,1,2,43,46,0,0,80,81,0,0,105,105,NULL
PAL9495,HUM,2.1,1,3,42,45,0,0,79,80,0,0,105,105,NULL
PAL9495,HUM,2.1,1,4,42,45,0,0,79,80,0,0,105,105,NULL
PAL9495,HUM,2.1,1,5,45,48,0,0,82,82,0,83,105,0,NULL
PAL9495,HUM,3,1,1,42,45,0,88,82,0,0,0,105,0,NULL
PAL9495,HUM,3,1,2,47,50,0,0,84,85,0,0,105,105,NULL
PAL9495,HUM,3,1,3,47,50,0,0,84,84,0,0,105,105,NULL
PAL9495,HUM,3,1,4,48,51,0,0,85,85,0,0,105,105,NULL
PAL9495,HUM,3,1,5,42,45,0,0,79,80,0,0,105,105,NULL
PAL9495,HUM,3,2,1,45,48,0,0,82,83,0,0,105,105,NULL
PAL9495,HUM,3,2,2,43,46,0,0,80,81,90,90,0,0,NULL
PAL9495,HUM,3,2,3,48,51,0,0,84,86,0,0,105,105,NULL
PAL9495,HUM,3,2,4,45,48,0,0,82,84,0,0,105,105,NULL
PAL9495,HUM,3,2,5,45,48,0,0,82,84,0,0,105,105,NULL
PAL9495,HUM,3,3,1,61,0,999,0,0,0,0,0,0,0,NULL
PAL9495,HUM,3,3,2,43,46,0,0,80,81,0,0,105,105,NULL
PAL9495,HUM,3,3,3,43,46,0,0,80,81,0,0,105,105,NULL
PAL9495,HUM,3,3,4,42,45,0,0,79,81,0,0,105,105,NULL
PAL9495,HUM,3,3,5,46,49,0,0,83,84,0,0,105,105,NULL
PAL9495,HUM,3,4,1,47,50,0,0,84,85,0,97,105,0,NULL
PAL9495,HUM,3,4,2,48,51,0,0,85,87,0,0,105,105,NULL
PAL9495,HUM,3,4,3,47,50,0,999,84,0,0,0,105,0,NULL
PAL9495,HUM,3,4,4,48,51,0,0,85,87,0,0,105,105,NULL
PAL9495,HUM,3,4,5,45,48,0,0,82,84,0,0,105,105,NULL
PAL9495,HUM,4,1,1,45,48,0,999,82,0,0,0,106,0,NULL
PAL9495,HUM,4,1,2,45,48,0,0,81,82,0,0,106,106,NULL
PAL9495,HUM,4,1,3,42,45,0,0,79,80,0,0,106,106,NULL
PAL9495,HUM,4,1,4,46,49,0,999,83,0,0,0,106,0,NULL
PAL9495,HUM,4,1,5,48,51,0,0,83,84,0,0,106,106,NULL
PAL9495,HUM,4,2,1,50,0,0,0,87,0,0,0,106,0,NULL
PAL9495,HUM,4,2,2,50,53,0,0,87,88,0,0,106,106,NULL
PAL9495,HUM,4,2,3,47,50,0,0,84,85,0,0,106,106,NULL
PAL9495,HUM,4,2,4,51,54,0,0,87,87,0,95,106,0,NULL
PAL9495,HUM,4,2,5,47,50,0,0,84,85,0,0,106,106,NULL
PAL9495,HUM,5,1,1,43,46,0,0,79,81,0,88,104,0,NULL
PAL9495,HUM,5,1,2,46,49,0,0,83,84,0,0,104,104,NULL
PAL9495,HUM,5,1,3,43,46,0,0,80,81,0,97,104,0,NULL
PAL9495,HUM,5,1,4,45,48,0,0,82,84,0,0,104,104,NULL
PAL9495,HUM,5,1,5,44,47,0,0,79,80,0,0,104,104,NULL
PAL9495,HUM,5,2,1,47,50,0,79,85,0,92,0,0,0,NULL
PAL9495,HUM,5,2,2,46,49,69,69,0,0,0,0,0,0,NULL
PAL9495,HUM,5,2,3,44,47,53,60,0,0,0,0,0,0,NULL
PAL9495,HUM,5,2,4,47,50,0,0,84,85,0,0,104,104,NULL
PAL9495,HUM,5,2,5,45,48,0,0,82,84,0,0,104,104,NULL
PAL9495,HUM,5,3,1,48,51,0,79,83,0,0,0,104,0,NULL
PAL9495,HUM,5,3,2,45,48,0,0,82,84,0,94,104,0,NULL
PAL9495,HUM,5,3,3,51,54,0,0,87,87,0,0,104,104,NULL
PAL9495,HUM,5,3,4,48,51,0,0,85,86,0,0,104,104,NULL
PAL9495,HUM,5,3,5,47,50,0,0,84,85,0,0,104,104,NULL
PAL9596,HUM,2,0,1,42,45,0,0,79,80,0,0,102,102,NULL
PAL9596,HUM,2,0,2,45,48,0,0,82,83,0,0,102,102,NULL
PAL9596,HUM,2,0,3,45,48,0,0,82,83,0,95,102,0,NULL
PAL9596,HUM,2,0,4,41,44,0,0,77,78,0,0,102,102,NULL
PAL9596,HUM,2,0,5,44,47,0,0,81,82,0,0,102,102,NULL
PAL9596,HUM,2,1,1,41,0,999,0,0,0,0,0,0,0,NULL
PAL9596,HUM,2,1,2,41,44,0,0,77,78,0,0,105,105,NULL
PAL9596,HUM,2,1,3,42,45,0,999,87,0,0,0,105,0,NULL
PAL9596,HUM,2,1,4,41,44,0,0,77,78,0,0,105,105,NULL
PAL9596,HUM,2,1,5,44,47,76,87,0,0,0,0,0,0,NULL
PAL9596,HUM,2,2,1,41,44,98,98,0,0,0,0,0,0,NULL
PAL9596,HUM,2,2,2,40,45,0,0,76,77,0,0,105,105,NULL
PAL9596,HUM,2,2,3,45,0,0,0,87,0,0,0,105,0,3rd EGG
PAL9596,HUM,2,2,3,41,44,0,42,87,0,0,0,105,0,3 EGG CLUTCH
PAL9596,HUM,2,2,4,39,42,0,0,72,73,0,0,105,105,NULL
PAL9596,HUM,2,2,5,46,49,0,0,87,87,0,0,105,105,NULL
PAL9596,HUM,2,3,1,40,43,0,86,76,0,0,0,103,0,NULL
PAL9596,HUM,2,3,2,39,42,0,41,76,0,0,0,103,0,3 EGG CLUTCH
PAL9596,HUM,2,3,2,46,0,0,0,75,0,0,0,103,0,3rd EGG
PAL9596,HUM,2,3,3,40,43,0,0,77,77,0,0,103,103,NULL
PAL9596,HUM,2,3,4,42,45,0,0,78,79,0,0,103,103,NULL
PAL9596,HUM,2,3,5,41,44,999,999,0,0,0,0,0,0,NULL
PAL9596,HUM,2,4,1,40,44,0,0,75,76,0,0,99,99,NULL
PAL9596,HUM,2,4,2,42,47,0,0,78,78,0,0,103,103,NULL
PAL9596,HUM,2,4,3,41,44,0,0,76,76,0,0,103,103,NULL
PAL9596,HUM,2,4,4,41,47,0,0,77,78,0,0,103,103,NULL
PAL9596,HUM,2,4,5,39,42,0,0,75,75,0,0,99,99,NULL
PAL9596,HUM,2,5,1,38,41,0,0,73,75,0,0,105,105,NULL
PAL9596,HUM,2,5,2,38,41,0,0,73,74,0,0,105,105,NULL
PAL9596,HUM,2,5,3,41,44,0,0,74,75,0,0,105,105,NULL
PAL9596,HUM,2,5,4,46,0,51,0,0,0,0,0,0,0,NULL
PAL9596,HUM,2,5,5,38,41,0,0,72,73,0,0,105,105,NULL
PAL9596,HUM,2,6,1,39,42,0,0,77,78,0,0,102,102,NULL
PAL9596,HUM,2,6,2,44,47,0,999,78,0,0,0,102,0,NULL
PAL9596,HUM,2,6,3,45,48,0,999,82,0,0,0,102,0,NULL
PAL9596,HUM,2,6,4,42,45,0,0,77,78,0,0,102,102,NULL
PAL9596,HUM,2,6,5,43,46,0,0,78,79,0,0,102,102,NULL
PAL9596,HUM,2,7,1,43,46,0,0,80,81,0,0,102,102,NULL
PAL9596,HUM,2,7,2,43,46,0,0,80,81,0,100,102,0,NULL
PAL9596,HUM,2,7,3,43,46,0,0,77,78,0,0,102,102,NULL
PAL9596,HUM,2,7,4,44,47,0,0,79,80,0,0,102,102,NULL
PAL9596,HUM,2,7,5,41,44,0,0,76,76,0,0,102,102,NULL
PAL9596,HUM,2,8,1,44,47,0,0,81,82,0,89,102,0,NULL
PAL9596,HUM,2,8,2,43,46,0,0,77,78,0,100,102,0,NULL
PAL9596,HUM,2,8,3,41,44,0,0,78,79,0,0,102,102,NULL
PAL9596,HUM,2,8,4,43,46,0,0,78,79,0,0,102,102,NULL
PAL9596,HUM,2,8,5,44,47,0,0,81,82,0,0,102,102,NULL
PAL9596,HUM,2,9,1,41,44,0,0,78,79,0,0,102,102,NULL
PAL9596,HUM,2,9,2,41,44,0,0,78,79,0,0,102,102,NULL
PAL9596,HUM,2,9,3,45,48,0,0,82,83,0,94,102,0,NULL
PAL9596,HUM,2,9,4,47,50,0,0,84,85,0,99,102,0,NULL
PAL9596,HUM,2,9,5,38,41,0,0,75,75,0,0,102,102,NULL
PAL9596,HUM,2.2,1,1,42,45,0,87,79,0,0,0,105,0,NULL
PAL9596,HUM,2.2,1,2,47,51,0,0,84,84,0,0,105,105,NULL
PAL9596,HUM,2.2,1,3,44,0,46,0,0,0,0,0,0,0,NULL
PAL9596,HUM,2.2,1,4,47,51,0,89,84,0,0,0,105,0,NULL
PAL9596,HUM,2.2,1,5,46,49,0,0,83,83,0,0,105,105,NULL
PAL9596,HUM,3,1,1,42,45,0,87,78,0,0,0,105,0,NULL
PAL9596,HUM,3,1,2,41,42,0,0,72,73,0,0,103,103,NULL
PAL9596,HUM,3,1,3,44,47,0,0,81,82,0,0,103,103,NULL
PAL9596,HUM,3,1,4,47,50,0,0,84,85,0,0,103,103,NULL
PAL9596,HUM,3,1,5,41,44,0,0,76,77,0,0,105,105,NULL
PAL9596,HUM,3,2,1,44,47,0,0,81,82,0,0,105,105,NULL
PAL9596,HUM,3,2,2,44,47,0,0,81,82,0,0,105,105,NULL
PAL9596,HUM,3,2,3,40,43,0,0,77,78,0,0,105,105,NULL
PAL9596,HUM,3,2,4,50,0,0,0,98,0,0,0,105,0,NULL
PAL9596,HUM,3,2,5,42,45,0,0,77,78,0,0,102,102,NULL
PAL9596,HUM,3,3,1,50,53,0,0,87,87,0,96,102,0,NULL
PAL9596,HUM,3,3,2,43,46,0,0,80,81,0,0,102,102,NULL
PAL9596,HUM,3,3,3,50,53,0,0,87,87,0,0,102,102,NULL
PAL9596,HUM,3,3,4,41,44,0,0,78,79,0,96,102,0,NULL
PAL9596,HUM,3,3,5,50,53,0,0,87,87,0,0,102,102,NULL
PAL9596,HUM,3,4,1,44,47,0,0,75,76,0,0,102,102,NULL
PAL9596,HUM,3,4,2,41,44,0,0,78,78,0,0,102,102,NULL
PAL9596,HUM,3,4,3,42,47,0,0,77,77,0,0,102,102,NULL
PAL9596,HUM,3,4,4,47,47,0,0,76,77,0,87,102,0,NULL
PAL9596,HUM,3,4,5,50,53,0,0,87,87,0,0,102,102,NULL
PAL9596,HUM,4,1,1,45,48,0,0,82,83,0,100,102,0,NULL
PAL9596,HUM,4,1,2,41,44,0,0,77,78,0,0,102,102,NULL
PAL9596,HUM,4,1,3,44,47,0,0,78,79,0,0,102,102,NULL
PAL9596,HUM,4,1,4,41,44,0,0,74,76,0,0,102,102,NULL
PAL9596,HUM,4,1,5,45,48,0,0,82,83,0,0,102,102,NULL
PAL9596,HUM,4,2,1,47,50,0,0,84,85,0,0,102,102,NULL
PAL9596,HUM,4,2,2,45,48,0,0,82,83,0,0,102,102,NULL
PAL9596,HUM,4,2,3,42,45,0,999,79,0,0,0,102,0,NULL
PAL9596,HUM,4,2,4,42,45,0,0,76,77,0,0,102,102,NULL
PAL9596,HUM,4,2,5,43,46,0,0,80,81,0,0,102,102,NULL
PAL9596,HUM,5,1,1,46,49,0,999,83,0,0,0,102,0,NULL
PAL9596,HUM,5,1,2,45,48,0,999,82,0,0,0,102,0,NULL
PAL9596,HUM,5,1,3,43,46,0,999,80,0,0,0,102,0,NULL
PAL9596,HUM,5,1,4,45,48,0,999,78,0,0,0,102,0,NULL
PAL9596,HUM,5,1,5,41,44,0,0,74,75,0,97,102,0,NULL
PAL9596,HUM,5,2,1,46,49,0,0,83,84,0,0,102,102,NULL
PAL9596,HUM,5,2,2,47,50,0,999,84,0,0,0,102,0,NULL
PAL9596,HUM,5,2,3,50,53,0,0,87,87,0,0,102,102,NULL
PAL9596,HUM,5,2,4,39,42,0,999,77,0,0,0,102,0,NULL
PAL9596,HUM,5,2,5,42,45,0,0,79,80,0,0,102,102,NULL
PAL9596,HUM,5,3,1,39,42,0,0,76,77,0,0,102,102,NULL
PAL9596,HUM,5,3,2,45,48,0,0,82,83,0,100,102,0,NULL
PAL9596,HUM,5,3,3,40,43,0,0,77,78,0,0,102,102,NULL
PAL9596,HUM,5,3,4,41,44,0,0,77,77,0,0,102,102,NULL
PAL9596,HUM,5,3,5,43,46,0,0,77,79,0,0,102,102,NULL
PAL9697,HUM,1.1,4,1,47,53,54,54,0,0,0,0,0,0,NULL
PAL9697,HUM,1.1,4,2,0,0,0,0,0,0,0,0,0,0,NULL
PAL9697,HUM,1.1,4,3,0,0,0,0,0,0,0,0,0,0,NULL
PAL9697,HUM,1.1,4,4,48,0,53,0,0,0,0,0,0,0,NULL
PAL9697,HUM,1.1,4,5,0,0,0,0,0,0,0,0,0,0,NULL
PAL9697,HUM,1.2,1,1,47,47,53,53,0,0,0,0,0,0,NULL
PAL9697,HUM,1.2,1,2,41,47,63,63,0,0,0,0,0,0,NULL
PAL9697,HUM,1.2,1,3,47,48,75,75,0,0,0,0,0,0,NULL
PAL9697,HUM,1.2,1,4,48,58,63,63,0,0,0,0,0,0,NULL
PAL9697,HUM,1.2,1,5,41,47,70,70,0,0,0,0,0,0,NULL
PAL9697,HUM,1.3,3,1,47,53,65,65,0,0,0,0,0,0,NULL
PAL9697,HUM,1.3,3,2,47,0,80,0,0,0,0,0,0,0,NULL
PAL9697,HUM,1.3,3,3,47,53,0,0,80,85,91,91,0,0,NULL
PAL9697,HUM,1.3,3,4,48,0,58,0,0,0,0,0,0,0,NULL
PAL9697,HUM,2,1,1,42,45,0,0,79,79,0,91,110,0,NULL
PAL9697,HUM,2,1,2,38,41,0,0,75,77,0,0,110,110,NULL
PAL9697,HUM,2,1,3,44,47,0,70,79,0,0,0,110,0,NULL
PAL9697,HUM,2,1,4,41,44,0,70,76,0,0,0,110,0,NULL
PAL9697,HUM,2,1,5,40,43,0,999,77,0,0,0,110,0,NULL
PAL9697,HUM,2,2,1,45,48,0,0,82,84,0,0,109,109,NULL
PAL9697,HUM,2,2,2,40,43,0,0,77,78,0,0,109,109,NULL
PAL9697,HUM,2,2,3,44,47,999,999,0,0,0,0,0,0,NULL
PAL9697,HUM,2,2,4,45,48,0,0,77,79,0,0,109,109,NULL
PAL9697,HUM,2,2,5,44,45,0,0,79,79,0,0,109,109,NULL
PAL9697,HUM,2,3,1,44,47,0,0,79,80,0,0,109,109,NULL
PAL9697,HUM,2,3,2,39,42,85,85,0,0,0,0,0,0,NULL
PAL9697,HUM,2,3,3,41,44,0,0,75,75,0,0,109,109,NULL
PAL9697,HUM,2,3,4,43,46,0,0,80,81,0,0,109,109,NULL
PAL9697,HUM,2,3,5,45,48,0,999,81,0,0,0,109,0,NULL
PAL9697,HUM,2,4,1,48,51,66,66,0,0,0,0,0,0,NULL
PAL9697,HUM,2,4,2,41,44,60,60,0,0,0,0,0,0,NULL
PAL9697,HUM,2,4,3,44,47,70,70,0,0,0,0,0,0,NULL
PAL9697,HUM,2,4,4,45,48,0,75,80,0,80,0,0,0,NULL
PAL9697,HUM,2,4,5,45,48,0,999,81,0,0,0,109,0,NULL
PAL9697,HUM,2,5,1,43,46,0,0,80,81,0,0,109,109,NULL
PAL9697,HUM,2,5,2,36,39,0,0,73,73,0,0,109,109,NULL
PAL9697,HUM,2,5,3,43,46,0,0,80,80,0,0,109,109,NULL
PAL9697,HUM,2,5,4,36,39,0,999,73,0,0,0,109,0,NULL
PAL9697,HUM,2,5,5,40,43,0,0,77,78,0,0,109,109,NULL
PAL9697,HUM,2,6,1,44,46,0,0,79,81,0,0,110,110,NULL
PAL9697,HUM,2,6,2,36,39,0,0,73,74,0,0,110,110,NULL
PAL9697,HUM,2,6,3,42,46,0,999,79,0,0,0,110,0,NULL
PAL9697,HUM,2,6,4,0,0,0,0,0,0,0,0,0,0,NULL
PAL9697,HUM,2,6,5,39,42,0,0,76,77,0,0,110,110,NULL
PAL9697,HUM,2,7,1,41,44,0,70,76,0,0,0,110,0,NULL
PAL9697,HUM,2,7,2,43,46,0,0,79,79,0,0,110,110,NULL
PAL9697,HUM,2,7,3,46,50,0,0,79,82,0,0,110,110,NULL
PAL9697,HUM,2,7,4,46,48,0,0,79,81,0,0,110,110,NULL
PAL9697,HUM,2,7,5,43,48,74,74,0,0,0,0,0,0,NULL
PAL9697,HUM,2,8,1,43,45,0,0,78,78,0,0,110,110,NULL
PAL9697,HUM,2,8,2,43,46,0,0,75,76,0,0,110,110,NULL
PAL9697,HUM,2,8,3,44,48,0,0,80,81,0,0,110,110,NULL
PAL9697,HUM,2,8,4,45,48,0,0,79,80,0,0,110,110,NULL
PAL9697,HUM,2,8,5,43,44,0,0,78,79,0,0,110,110,NULL
PAL9697,HUM,2,9,1,43,44,50,50,0,0,0,0,0,0,NULL
PAL9697,HUM,2,9,2,48,50,0,0,81,84,0,0,110,110,NULL
PAL9697,HUM,2,9,3,44,47,0,0,76,77,0,0,110,110,NULL
PAL9697,HUM,2,9,4,44,47,0,0,82,84,0,0,110,110,NULL
PAL9697,HUM,2,9,5,41,43,0,0,84,84,0,0,110,110,NULL
PAL9697,HUM,2,10,1,41,44,0,0,77,80,0,0,110,110,NULL
PAL9697,HUM,2,10,2,44,48,0,0,79,80,0,0,110,110,NULL
PAL9697,HUM,2,10,3,44,46,0,85,82,0,0,0,110,0,NULL
PAL9697,HUM,2,10,4,44,47,0,0,80,81,0,0,110,110,NULL
PAL9697,HUM,2,10,5,43,48,0,77,79,0,0,0,110,0,NULL
PAL9697,HUM,2,11,1,41,47,0,0,77,77,0,0,113,113,NULL
PAL9697,HUM,2,11,2,51,51,0,0,82,82,0,0,113,113,NULL
PAL9697,HUM,2,11,3,47,47,0,0,77,82,0,0,113,113,NULL
PAL9697,HUM,2,11,4,47,47,0,0,82,82,0,0,113,113,NULL
PAL9697,HUM,2,11,5,47,51,0,0,82,82,0,0,113,113,NULL
PAL9697,HUM,2,12,1,45,47,60,60,0,0,0,0,0,0,NULL
PAL9697,HUM,2,12,2,45,45,74,74,0,0,0,0,0,0,NULL
PAL9697,HUM,2,12,3,45,50,0,0,81,86,0,92,107,0,NULL
PAL9697,HUM,2,12,4,45,45,76,76,0,0,0,0,0,0,NULL
PAL9697,HUM,2,12,5,45,46,0,0,81,81,0,0,107,107,NULL
PAL9697,HUM,2,13,1,47,51,0,0,84,84,0,0,115,115,NULL
PAL9697,HUM,2,13,2,47,51,0,0,84,84,0,0,115,115,NULL
PAL9697,HUM,2,13,3,41,47,78,78,0,0,0,0,0,0,NULL
PAL9697,HUM,2,13,4,41,0,0,0,78,0,0,0,115,0,NULL
PAL9697,HUM,2,13,5,47,47,0,999,84,0,0,0,115,0,NULL
PAL9697,HUM,2,14,1,47,47,0,0,80,80,0,0,111,111,NULL
PAL9697,HUM,2,14,2,47,47,0,0,80,80,0,0,111,111,NULL
PAL9697,HUM,2,14,3,41,47,0,0,80,80,0,0,111,111,NULL
PAL9697,HUM,2,14,4,47,53,0,0,80,85,0,0,111,111,NULL
PAL9697,HUM,2,14,5,41,47,0,0,80,80,0,0,111,111,NULL
PAL9697,HUM,2,15,1,41,48,0,87,76,0,0,0,112,0,NULL
PAL9697,HUM,2,15,2,48,48,0,0,81,81,0,0,112,112,NULL
PAL9697,HUM,2,15,3,41,48,0,0,76,76,87,87,0,0,NULL
PAL9697,HUM,2,15,4,41,48,0,0,81,81,0,0,112,112,NULL
PAL9697,HUM,2,15,5,48,50,0,0,81,87,0,0,112,112,NULL
PAL9697,HUM,2.1,2,1,47,51,0,0,85,85,0,0,110,110,NULL
PAL9697,HUM,2.1,2,2,47,47,0,0,78,85,0,0,110,110,NULL
PAL9697,HUM,2.1,2,3,47,47,0,0,78,78,0,95,110,0,NULL
PAL9697,HUM,2.1,2,4,51,51,0,0,85,85,0,0,110,110,NULL
PAL9697,HUM,2.1,2,5,41,47,0,0,78,78,0,0,110,110,NULL
PAL9697,HUM,2.1,3,1,41,48,0,0,77,77,0,0,113,113,NULL
PAL9697,HUM,2.1,3,2,41,48,0,0,77,77,0,0,113,113,NULL
PAL9697,HUM,2.1,3,3,48,48,0,0,82,82,0,0,113,113,NULL
PAL9697,HUM,2.1,3,4,48,48,0,0,82,82,0,0,113,113,NULL
PAL9697,HUM,2.1,3,5,41,48,77,77,0,0,0,0,0,0,NULL
PAL9697,HUM,2.2,1,1,45,48,0,999,81,0,0,0,109,0,NULL
PAL9697,HUM,2.2,1,2,45,48,0,0,81,82,0,104,109,0,NULL
PAL9697,HUM,2.2,1,3,41,44,0,0,77,78,0,0,109,109,NULL
PAL9697,HUM,2.2,1,4,48,51,0,0,84,84,0,0,109,109,NULL
PAL9697,HUM,2.2,1,5,48,51,0,0,84,84,0,91,109,0,NULL
PAL9697,HUM,2.2,2,1,48,51,0,0,85,85,0,0,111,111,NULL
PAL9697,HUM,2.2,2,2,47,47,0,0,75,81,0,0,111,111,NULL
PAL9697,HUM,2.2,2,3,47,51,0,0,85,85,0,0,111,111,NULL
PAL9697,HUM,2.2,2,4,47,47,0,0,81,81,0,0,111,111,NULL
PAL9697,HUM,2.2,2,5,47,47,0,0,81,81,0,0,111,111,NULL
PAL9697,HUM,3,1,1,44,47,0,0,79,81,0,0,109,109,NULL
PAL9697,HUM,3,1,2,42,45,0,0,76,78,0,0,109,109,NULL
PAL9697,HUM,3,1,3,51,51,0,0,80,81,0,0,109,109,RELAY
PAL9697,HUM,3,1,3,44,0,45,0,0,0,0,0,0,0,RELAY 2E
PAL9697,HUM,3,1,4,41,44,0,0,75,76,0,104,109,0,NULL
PAL9697,HUM,3,1,5,46,49,0,70,84,0,0,0,109,0,NULL
PAL9697,HUM,3,2,1,43,46,0,0,80,81,0,0,109,109,NULL
PAL9697,HUM,3,2,2,44,47,0,0,79,80,0,0,109,109,NULL
PAL9697,HUM,3,2,3,44,47,0,0,81,84,0,91,109,0,NULL
PAL9697,HUM,3,2,4,45,48,0,0,82,84,0,0,109,109,NULL
PAL9697,HUM,3,2,5,48,51,0,0,84,84,0,0,109,109,NULL
PAL9697,HUM,3,3,1,38,41,0,0,75,75,0,0,106,106,NULL
PAL9697,HUM,3,3,2,47,50,0,0,84,84,0,0,106,106,NULL
PAL9697,HUM,3,3,3,43,0,45,0,0,0,0,0,0,0,NULL
PAL9697,HUM,3,3,4,41,44,0,0,78,78,0,102,109,0,NULL
PAL9697,HUM,3,3,5,44,47,0,0,78,78,0,0,109,109,NULL
PAL9697,HUM,3,4,1,42,45,0,0,79,80,0,0,109,109,NULL
PAL9697,HUM,3,4,2,45,45,0,0,84,85,0,0,109,109,RELAY
PAL9697,HUM,3,4,2,43,0,45,0,0,0,0,0,0,0,RELAY 2E
PAL9697,HUM,3,4,3,43,46,0,45,90,0,0,0,109,0,NULL
PAL9697,HUM,3,4,4,41,44,0,71,78,0,0,0,109,0,NULL
PAL9697,HUM,3,4,5,41,44,0,0,75,78,0,0,109,109,NULL
PAL9697,HUM,3,5,1,47,47,0,0,78,84,0,0,115,115,NULL
PAL9697,HUM,3,5,2,47,47,0,0,84,84,0,0,115,115,NULL
PAL9697,HUM,3,5,3,47,47,0,0,78,78,0,0,115,115,NULL
PAL9697,HUM,3,5,4,41,41,0,0,78,78,84,89,0,0,NULL
PAL9697,HUM,3,5,5,47,51,0,0,84,84,0,0,115,115,NULL
PAL9697,HUM,3,6,1,47,47,63,63,0,0,0,0,0,0,NULL
PAL9697,HUM,3,6,2,41,47,63,63,0,0,0,0,0,0,NULL
PAL9697,HUM,3,6,3,47,53,63,63,0,0,0,0,0,0,NULL
PAL9697,HUM,3,6,4,47,47,0,0,85,85,0,96,116,0,NULL
PAL9697,HUM,3,6,5,41,47,0,0,75,75,0,0,116,116,NULL
PAL9697,HUM,3,7,1,47,47,0,0,80,80,0,0,112,112,NULL
PAL9697,HUM,3,7,2,50,53,0,0,85,85,0,0,112,112,NULL
PAL9697,HUM,3,7,3,47,50,0,0,85,85,0,0,112,112,NULL
PAL9697,HUM,3,7,4,47,47,0,0,80,80,0,0,112,112,NULL
PAL9697,HUM,3,7,5,47,50,0,0,85,85,0,0,112,112,NULL
PAL9697,HUM,3,8,1,41,0,0,0,77,0,0,0,113,0,NULL
PAL9697,HUM,3,8,2,47,47,0,999,82,0,0,0,113,0,NULL
PAL9697,HUM,3,8,3,41,41,0,0,77,77,0,0,113,113,NULL
PAL9697,HUM,3,8,4,47,51,0,0,82,82,0,0,113,113,NULL
PAL9697,HUM,3,8,5,47,47,999,999,0,0,0,0,0,0,NULL
PAL9697,HUM,3.1,2,1,47,47,77,77,0,0,0,0,0,0,NULL
PAL9697,HUM,3.1,2,1,50,54,0,0,85,85,0,92,112,0,NULL
PAL9697,HUM,3.1,2,2,0,0,0,0,0,0,0,0,0,0,NULL
PAL9697,HUM,3.1,2,2,47,50,70,70,0,0,0,0,0,0,NULL
PAL9697,HUM,3.1,2,3,47,47,82,999,0,0,0,0,0,0,NULL
PAL9697,HUM,3.1,2,3,47,50,0,0,82,82,0,92,112,0,NULL
PAL9697,HUM,3.1,2,4,54,54,0,82,92,0,0,0,112,0,NULL
PAL9697,HUM,3.1,2,4,48,53,0,0,85,85,0,0,116,116,NULL
PAL9697,HUM,3.1,2,5,48,53,0,62,85,0,0,0,116,0,NULL
PAL9697,HUM,3.1,2,5,47,0,62,0,0,0,0,0,0,0,NULL
PAL9697,HUM,4,1,1,41,44,0,46,77,0,0,0,110,0,NULL
PAL9697,HUM,4,1,2,48,51,0,0,82,84,0,0,110,110,NULL
PAL9697,HUM,4,1,3,41,45,0,0,79,79,0,0,110,110,NULL
PAL9697,HUM,4,1,4,43,44,0,70,81,0,0,0,110,0,NULL
PAL9697,HUM,4,1,5,41,46,80,80,0,0,0,0,0,0,NULL
PAL9697,HUM,4,2,1,45,48,0,87,79,0,0,0,110,0,NULL
PAL9697,HUM,4,2,2,45,50,0,0,81,84,0,0,110,110,NULL
PAL9697,HUM,4,2,3,41,45,0,0,75,77,0,0,110,110,NULL
PAL9697,HUM,4,2,4,44,46,48,53,0,0,0,0,0,0,NULL
PAL9697,HUM,4,2,5,43,48,0,0,80,82,0,0,110,110,NULL
PAL9697,HUM,4,3,1,51,56,0,0,82,87,0,0,115,115,NULL
PAL9697,HUM,4,3,2,47,51,0,0,82,82,0,0,115,115,NULL
PAL9697,HUM,4,3,3,47,51,0,0,82,87,0,0,115,115,NULL
PAL9697,HUM,4,3,4,41,47,0,0,82,82,0,0,115,115,NULL
PAL9697,HUM,4,3,5,41,47,0,0,87,87,0,0,115,115,NULL
PAL9697,HUM,4,4,1,47,50,0,0,85,85,0,0,112,112,NULL
PAL9697,HUM,4,4,2,50,50,0,0,85,85,0,0,112,112,NULL
PAL9697,HUM,4,4,3,47,47,0,85,76,0,0,0,112,0,NULL
PAL9697,HUM,4,4,4,47,47,0,0,76,76,0,0,112,112,NULL
PAL9697,HUM,4,4,5,41,47,0,0,76,76,0,0,112,112,NULL
PAL9697,HUM,4,5,1,47,51,0,0,84,89,0,0,113,113,NULL
PAL9697,HUM,4,5,2,51,51,0,0,84,89,0,0,113,113,NULL
PAL9697,HUM,4,5,3,47,47,0,0,84,84,0,0,113,113,NULL
PAL9697,HUM,4,5,4,47,47,0,0,84,84,0,0,113,113,NULL
PAL9697,HUM,4,5,5,47,51,0,0,84,84,0,0,113,113,NULL
PAL9697,HUM,5,1,1,45,50,0,0,78,80,0,0,110,110,NULL
PAL9697,HUM,5,1,2,44,45,0,0,84,84,0,0,110,110,NULL
PAL9697,HUM,5,1,3,47,54,0,0,84,92,0,0,110,110,NULL
PAL9697,HUM,5,1,3,45,0,48,0,0,0,0,0,0,0,NULL
PAL9697,HUM,5,1,4,45,46,0,0,79,79,0,0,110,110,NULL
PAL9697,HUM,5,1,5,43,46,0,86,81,0,0,0,110,0,NULL
PAL9697,HUM,5,2,1,41,47,43,48,0,0,0,0,0,0,NULL
PAL9697,HUM,5,2,2,41,46,0,54,79,0,0,0,110,0,NULL
PAL9697,HUM,5,2,3,45,46,0,999,80,0,0,0,110,0,NULL
PAL9697,HUM,5,2,4,45,48,0,999,79,0,0,0,110,0,NULL
PAL9697,HUM,5,2,5,45,48,0,0,81,84,0,0,110,110,NULL
PAL9697,HUM,5,3,1,46,50,0,0,84,84,0,0,110,110,NULL
PAL9697,HUM,5,3,2,46,50,0,0,80,81,0,0,110,110,NULL
PAL9697,HUM,5,3,3,46,48,0,0,77,77,0,0,110,110,NULL
PAL9697,HUM,5,3,4,45,50,0,0,81,84,0,0,110,110,NULL
PAL9697,HUM,5,3,5,44,46,0,0,84,84,0,0,110,110,NULL
PAL9697,HUM,5,4,1,41,41,0,0,78,78,84,84,0,0,NULL
PAL9697,HUM,5,4,2,51,51,68,999,0,0,0,0,0,0,NULL
PAL9697,HUM,5,4,3,47,47,0,0,84,84,0,0,115,115,NULL
PAL9697,HUM,5,4,4,51,51,0,999,84,0,0,0,115,0,NULL
PAL9697,HUM,5,4,5,47,51,0,0,78,84,0,0,115,115,NULL
PAL9697,HUM,5,5,1,51,51,0,82,87,0,0,0,113,0,NULL
PAL9697,HUM,5,5,2,51,56,0,0,87,87,0,0,113,113,NULL
PAL9697,HUM,5,5,3,47,47,0,0,82,82,0,0,113,113,NULL
PAL9697,HUM,5,5,4,41,47,0,0,77,82,0,0,113,113,NULL
PAL9697,HUM,5,5,5,47,51,0,0,77,82,0,0,113,113,NULL
PAL9697,HUM,5,6,1,47,50,0,0,85,85,0,0,112,112,NULL
PAL9697,HUM,5,6,2,41,47,0,80,76,0,0,0,112,0,NULL
PAL9697,HUM,5,6,3,50,54,0,999,92,0,0,0,112,0,NULL
PAL9697,HUM,5,6,4,47,50,0,0,80,80,0,0,112,112,NULL
PAL9697,HUM,5,6,5,47,47,0,0,80,80,0,0,112,112,NULL
PAL9697,HUM,5,7,1,47,47,0,0,81,81,0,0,111,111,NULL
PAL9697,HUM,5,7,2,47,47,0,0,81,81,0,0,111,111,NULL
PAL9697,HUM,5,7,3,41,47,0,0,81,81,0,0,111,111,NULL
PAL9697,HUM,5,7,4,47,48,0,0,81,81,0,0,111,111,NULL
PAL9697,HUM,5,7,5,47,47,0,0,81,81,0,0,111,111,NULL
PAL9798,HUM,2,1,1,52,52,0,0,74,76,0,86,114,0,NULL
PAL9798,HUM,2,1,2,52,57,0,0,88,89,0,0,114,114,NULL
PAL9798,HUM,2,1,3,52,53,0,0,82,84,0,0,114,114,NULL
PAL9798,HUM,2,1,4,52,52,0,0,80,82,0,0,114,114,NULL
PAL9798,HUM,2,1,5,52,52,0,0,87,91,0,93,114,0,NULL
PAL9798,HUM,2,2,1,52,52,68,68,0,0,0,0,0,0,NULL
PAL9798,HUM,2,2,2,52,52,0,0,81,84,0,0,112,112,NULL
PAL9798,HUM,2,2,3,52,52,0,0,74,76,0,0,112,112,NULL
PAL9798,HUM,2,2,4,52,52,0,94,83,0,0,0,112,0,NULL
PAL9798,HUM,2,2,5,52,52,0,0,75,77,0,0,112,112,NULL
PAL9798,HUM,2,3,1,52,52,74,74,0,0,0,0,0,0,NULL
PAL9798,HUM,2,3,2,52,0,0,0,87,0,0,0,114,0,NULL
PAL9798,HUM,2,3,3,52,52,0,82,78,0,82,0,114,0,NULL
PAL9798,HUM,2,3,4,52,52,0,0,73,76,0,0,114,114,NULL
PAL9798,HUM,2,3,5,52,52,0,0,80,82,0,0,112,112,NULL
PAL9798,HUM,2,4,1,0,0,0,0,0,0,0,0,0,0,NULL
PAL9798,HUM,2,4,2,52,52,0,95,85,0,0,0,110,0,NULL
PAL9798,HUM,2,4,3,52,52,0,0,87,87,0,0,112,112,NULL
PAL9798,HUM,2,4,4,52,52,0,0,79,82,0,0,110,110,NULL
PAL9798,HUM,2,4,5,52,52,0,0,78,81,0,0,112,112,NULL
PAL9798,HUM,2,5,1,52,52,0,0,76,79,0,0,110,110,NULL
PAL9798,HUM,2,5,2,52,52,0,0,82,83,0,0,110,110,NULL
PAL9798,HUM,2,5,3,52,52,0,55,75,0,0,0,110,0,NULL
PAL9798,HUM,2,5,4,52,52,0,0,73,75,0,90,110,0,NULL
PAL9798,HUM,2,5,5,52,52,0,84,79,0,0,0,110,0,NULL
PAL9798,HUM,2,6,1,52,52,0,0,77,78,0,0,110,110,NULL
PAL9798,HUM,2,6,2,52,53,0,0,72,74,0,0,110,110,NULL
PAL9798,HUM,2,6,3,52,52,0,999,85,0,0,0,110,0,NULL
PAL9798,HUM,2,6,4,52,52,0,0,76,77,0,0,110,110,NULL
PAL9798,HUM,2,6,5,52,52,0,0,78,80,0,0,110,110,NULL
PAL9798,HUM,2,7,1,52,55,0,0,87,88,0,0,110,110,NULL
PAL9798,HUM,2,7,2,52,52,0,0,82,83,0,0,110,110,NULL
PAL9798,HUM,2,7,3,52,52,0,0,78,82,0,0,110,110,NULL
PAL9798,HUM,2,7,4,52,52,0,0,81,82,0,0,110,110,NULL
PAL9798,HUM,2,7,5,52,52,0,0,81,82,0,0,110,110,NULL
PAL9798,HUM,2,8,1,52,52,0,0,80,83,0,0,110,110,NULL
PAL9798,HUM,2,8,2,52,52,0,0,78,79,0,0,110,110,NULL
PAL9798,HUM,2,8,3,52,52,0,0,75,77,0,0,110,110,NULL
PAL9798,HUM,2,8,4,52,52,0,0,80,80,0,0,110,110,NULL
PAL9798,HUM,2,8,5,52,52,0,0,78,79,0,0,110,110,NULL
PAL9798,HUM,2.2,2,1,52,53,0,101,85,0,0,0,120,0,NULL
PAL9798,HUM,2.2,2,2,52,52,0,999,84,0,0,0,120,0,NULL
PAL9798,HUM,2.2,2,3,52,52,0,94,82,0,0,0,120,0,NULL
PAL9798,HUM,2.2,2,4,52,52,0,0,82,84,0,0,116,116,NULL
PAL9798,HUM,2.2,2,5,52,52,0,999,81,0,0,0,112,0,NULL
PAL9798,HUM,2.2,3,1,52,53,0,66,84,0,0,0,114,0,NULL
PAL9798,HUM,2.2,3,2,52,52,0,0,81,85,0,90,112,0,NULL
PAL9798,HUM,2.2,3,3,52,53,0,0,85,86,0,0,112,112,NULL
PAL9798,HUM,2.2,3,4,52,52,0,95,82,0,0,0,112,0,NULL
PAL9798,HUM,2.2,3,5,52,53,0,97,86,0,0,0,112,0,NULL
PAL9798,HUM,3,1,1,52,52,0,0,81,85,0,0,114,114,NULL
PAL9798,HUM,3,1,2,52,53,0,0,78,81,87,87,0,0,NULL
PAL9798,HUM,3,1,3,52,53,0,0,84,85,0,0,114,114,NULL
PAL9798,HUM,3,1,4,52,52,0,0,87,87,0,0,112,112,NULL
PAL9798,HUM,3,1,5,52,54,0,0,86,87,0,0,112,112,NULL
PAL9798,HUM,3,2,1,52,52,0,0,83,84,0,0,114,114,NULL
PAL9798,HUM,3,2,2,52,52,0,0,82,83,0,0,114,114,NULL
PAL9798,HUM,3,2,3,52,54,0,0,87,88,0,0,114,114,NULL
PAL9798,HUM,3,2,4,53,57,0,92,90,0,0,0,0,0,NULL
PAL9798,HUM,3,2,5,52,54,0,0,87,88,0,0,116,116,NULL
PAL9798,HUM,3,3,1,52,52,0,0,83,84,0,0,112,112,NULL
PAL9798,HUM,3,3,2,53,57,0,0,87,89,0,0,112,112,NULL
PAL9798,HUM,3,3,3,52,54,0,0,88,89,0,0,112,112,NULL
PAL9798,HUM,3,3,4,52,54,0,0,86,87,0,0,112,112,NULL
PAL9798,HUM,3,3,5,57,60,0,0,91,94,0,0,114,114,NULL
PAL9798,HUM,3,4,1,0,0,0,0,0,0,0,0,0,0,NULL
PAL9798,HUM,3,4,2,52,52,0,0,82,83,0,0,112,112,NULL
PAL9798,HUM,3,4,3,53,57,0,93,89,0,0,0,112,0,NULL
PAL9798,HUM,3,4,4,52,52,0,86,88,0,0,0,112,0,NULL
PAL9798,HUM,3,4,5,52,52,0,0,84,86,0,0,112,112,NULL
PAL9798,HUM,4,1,1,52,57,0,0,90,90,0,0,120,120,NULL
PAL9798,HUM,4,1,2,54,57,0,0,88,89,0,0,120,120,NULL
PAL9798,HUM,4,1,3,52,55,0,0,88,89,0,0,120,120,NULL
PAL9798,HUM,4,1,4,52,53,0,0,86,87,0,0,116,116,NULL
PAL9798,HUM,4,1,5,52,52,0,89,79,0,0,0,116,0,NULL
PAL9798,HUM,4,3,1,52,55,0,0,88,89,0,0,120,120,NULL
PAL9798,HUM,4,3,2,52,0,0,0,85,0,0,0,114,0,NULL
PAL9798,HUM,4,3,3,52,53,0,0,84,86,0,0,114,114,NULL
PAL9798,HUM,4,3,4,52,54,0,0,86,86,0,0,114,114,NULL
PAL9798,HUM,4,3,5,52,52,0,0,83,84,0,0,114,114,NULL
PAL9798,HUM,5,1,1,52,53,0,0,84,86,0,0,120,120,NULL
PAL9798,HUM,5,1,2,52,55,0,0,89,89,0,0,120,120,NULL
PAL9798,HUM,5,1,3,52,53,0,999,87,0,0,0,120,120,NULL
PAL9798,HUM,5,1,4,52,54,0,0,87,88,0,0,114,114,NULL
PAL9798,HUM,5,1,5,52,55,0,0,88,89,0,0,112,112,NULL
PAL9798,HUM,5,2,1,52,55,0,0,88,89,0,0,114,114,NULL
PAL9798,HUM,5,2,2,52,52,0,0,87,88,0,0,112,112,NULL
PAL9798,HUM,5,2,3,52,53,0,0,84,85,0,0,112,112,NULL
PAL9798,HUM,5,2,4,52,53,0,0,87,88,0,0,114,114,NULL
PAL9798,HUM,5,2,5,52,52,0,0,84,85,0,0,112,112,NULL
PAL9798,HUM,5,3,1,52,52,71,71,0,0,0,0,0,0,NULL
PAL9798,HUM,5,3,2,52,52,0,0,80,81,0,0,112,112,NULL
PAL9798,HUM,5,3,3,53,57,0,0,90,90,0,0,112,112,NULL
PAL9798,HUM,5,3,4,52,57,0,0,88,90,0,0,112,112,NULL
PAL9798,HUM,5,3,5,52,52,999,999,0,0,0,0,0,0,NULL
PAL9798,HUM,5,4,1,52,52,0,0,86,87,92,92,0,0,NULL
PAL9798,HUM,5,4,2,52,53,0,0,84,85,0,100,114,0,NULL
PAL9798,HUM,5,4,3,52,0,0,0,80,0,0,0,114,0,NULL
PAL9798,HUM,5,4,4,53,57,0,0,88,90,0,0,114,114,NULL
PAL9798,HUM,5,4,5,52,52,0,0,86,87,0,0,112,112,NULL
PAL9899,HUM,2,H1,1,47,47,0,0,78,80,92,87,0,0,NULL
PAL9899,HUM,2,H1,2,47,47,0,0,77,77,0,0,107,107,NULL
PAL9899,HUM,2,H1,3,47,47,0,0,80,80,0,0,107,107,NULL
PAL9899,HUM,2,H1,4,47,47,0,0,80,82,0,0,107,107,NULL
PAL9899,HUM,2,H1,5,47,47,0,0,80,80,0,0,107,107,NULL
PAL9899,HUM,2,H2,1,47,47,0,0,77,78,0,0,104,104,NULL
PAL9899,HUM,2,H2,2,34,47,0,0,77,77,0,0,104,104,NULL
PAL9899,HUM,2,H2,3,47,47,0,0,80,82,0,0,104,104,NULL
PAL9899,HUM,2,H2,4,34,47,0,0,71,77,0,0,104,104,NULL
PAL9899,HUM,2,H2,5,47,47,0,999,77,0,0,0,104,0,NULL
PAL9899,HUM,2,H3,1,47,0,53,0,0,0,0,0,0,0,NULL
PAL9899,HUM,2,H3,2,47,47,0,72,77,0,0,0,104,0,NULL
PAL9899,HUM,2,H3,3,47,47,0,84,77,0,0,0,104,0,NULL
PAL9899,HUM,2,H3,4,47,47,0,0,77,77,0,0,104,104,NULL
PAL9899,HUM,2,H3,5,47,47,0,0,71,72,80,80,0,0,NULL
PAL9899,HUM,2,H4,1,47,47,0,0,78,80,0,0,107,107,NULL
PAL9899,HUM,2,H4,2,47,47,0,0,82,82,0,0,107,107,NULL
PAL9899,HUM,2,H4,3,47,47,0,0,77,77,0,0,107,107,NULL
PAL9899,HUM,2,H4,4,47,47,0,0,80,80,0,0,107,107,NULL
PAL9899,HUM,2,H4,5,47,47,0,0,77,77,0,0,104,104,NULL
PAL9899,HUM,2,H5,1,47,47,0,0,80,82,0,0,107,107,NULL
PAL9899,HUM,2,H5,2,47,47,0,0,80,80,0,0,107,107,NULL
PAL9899,HUM,2,H5,3,47,47,0,0,77,77,0,0,107,107,NULL
PAL9899,HUM,2,H5,4,47,47,0,0,77,77,0,0,107,107,NULL
PAL9899,HUM,2,H5,5,47,47,0,0,77,77,0,0,107,107,NULL
PAL9899,HUM,2,H6,1,47,47,0,0,77,77,0,0,107,107,NULL
PAL9899,HUM,2,H6,2,47,0,0,0,77,0,0,0,107,0,NULL
PAL9899,HUM,2,H6,3,47,53,0,0,77,77,0,0,107,107,NULL
PAL9899,HUM,2,H6,4,47,47,0,0,77,77,0,0,107,107,NULL
PAL9899,HUM,2,H6,5,47,47,0,0,77,78,0,0,107,107,NULL
PAL9899,HUM,2,L1,1,47,53,0,0,84,84,0,0,0,0,NULL
PAL9899,HUM,2,L1,2,47,47,0,0,77,77,0,0,110,110,NULL
PAL9899,HUM,2,L1,3,47,47,0,0,77,77,0,0,110,110,NULL
PAL9899,HUM,2,L1,4,47,47,0,0,77,77,0,0,110,110,NULL
PAL9899,HUM,2,L1,5,47,47,0,0,77,77,0,0,110,110,NULL
PAL9899,HUM,2,L2,1,47,47,0,91,77,0,0,0,110,0,NULL
PAL9899,HUM,2,L2,2,47,47,0,0,77,77,0,0,110,110,NULL
PAL9899,HUM,2,L2,3,47,47,0,0,77,77,0,0,110,110,NULL
PAL9899,HUM,2,L2,4,47,47,0,0,72,77,85,85,0,0,NULL
PAL9899,HUM,2,L2,5,47,47,0,0,77,77,0,0,107,107,NULL
PAL9899,HUM,2,L3,1,47,53,0,0,82,82,0,0,107,107,NULL
PAL9899,HUM,2,L3,2,47,47,0,91,82,0,0,0,107,0,NULL
PAL9899,HUM,2,L3,3,0,0,0,0,0,0,0,0,0,0,NULL
PAL9899,HUM,2,L3,4,47,47,999,53,0,0,0,0,0,0,NULL
PAL9899,HUM,2,L3,5,47,47,0,0,77,77,0,91,107,0,NULL
PAL9899,HUM,2,L4,1,47,47,71,71,0,0,0,0,0,0,NULL
PAL9899,HUM,2,L4,2,47,47,72,72,0,0,0,0,0,0,NULL
PAL9899,HUM,2,L4,3,47,47,0,0,77,77,0,0,104,104,NULL
PAL9899,HUM,2,L4,4,47,47,0,0,77,77,0,0,104,104,NULL
PAL9899,HUM,2,L4,5,0,0,0,0,0,0,0,0,0,0,NULL
PAL9899,HUM,2,L5,1,47,47,77,77,0,0,0,0,0,0,NULL
PAL9899,HUM,2,L5,2,53,0,0,0,73,0,77,0,0,0,NULL
PAL9899,HUM,2,L5,3,47,53,0,77,71,0,0,0,107,0,NULL
PAL9899,HUM,2,L5,4,47,47,0,0,77,77,0,0,104,104,NULL
PAL9899,HUM,2,L5,5,47,53,0,0,82,83,0,0,104,104,NULL
PAL9899,HUM,2,L6,1,47,53,0,0,82,82,0,0,110,110,NULL
PAL9899,HUM,2,L6,2,47,47,0,999,77,0,0,0,110,0,NULL
PAL9899,HUM,2,L6,3,47,47,0,77,72,0,0,0,110,0,NULL
PAL9899,HUM,2,L6,4,53,53,0,0,84,89,0,0,110,110,NULL
PAL9899,HUM,2,L6,5,47,0,0,0,77,0,0,0,110,0,NULL
PAL9899,HUM,3,H1,1,47,47,77,77,0,0,0,0,0,0,NULL
PAL9899,HUM,3,H1,2,47,47,0,0,77,77,0,0,111,111,NULL
PAL9899,HUM,3,H1,3,47,47,0,0,77,80,0,0,111,111,NULL
PAL9899,HUM,3,H1,4,47,47,0,0,82,82,0,0,111,111,NULL
PAL9899,HUM,3,H1,5,47,53,0,0,78,80,0,0,107,107,NULL
PAL9899,HUM,3,H2,1,47,53,71,71,0,0,0,0,0,0,NULL
PAL9899,HUM,3,H2,2,47,47,0,80,78,0,82,0,0,0,NULL
PAL9899,HUM,3,H2,3,47,47,0,0,77,77,0,0,107,107,NULL
PAL9899,HUM,3,H2,4,47,47,0,0,77,80,0,0,107,107,NULL
PAL9899,HUM,3,H2,5,47,47,0,0,80,82,0,0,107,107,NULL
PAL9899,HUM,3,L3,1,47,53,0,0,80,82,0,0,107,107,NULL
PAL9899,HUM,3,L3,2,47,47,0,0,77,77,0,0,107,107,NULL
PAL9899,HUM,3,L3,3,53,53,71,71,0,0,0,0,0,0,NULL
PAL9899,HUM,3,L3,4,47,47,0,0,80,80,0,0,107,107,NULL
PAL9899,HUM,3,L3,5,47,47,0,0,77,78,0,0,107,107,NULL
PAL9899,HUM,3,L4,1,0,0,0,0,0,0,0,0,0,0,NULL
PAL9899,HUM,3,L4,2,47,47,0,0,78,80,0,0,107,107,NULL
PAL9899,HUM,3,L4,3,47,47,0,0,78,78,91,91,0,0,NULL
PAL9899,HUM,3,L4,4,47,47,0,0,72,77,0,0,107,107,NULL
PAL9899,HUM,3,L4,5,53,53,0,0,77,77,0,0,107,107,NULL
PAL9899,HUM,4,H1,1,47,53,0,999,82,0,0,0,111,0,NULL
PAL9899,HUM,4,H1,2,47,47,0,999,77,0,0,0,107,0,NULL
PAL9899,HUM,4,H1,3,47,47,0,0,77,82,0,0,107,107,NULL
PAL9899,HUM,4,H1,4,47,47,0,0,78,78,0,0,107,107,NULL
PAL9899,HUM,4,H1,5,47,47,0,0,78,80,0,0,107,107,NULL
PAL9899,HUM,4,H2,1,47,47,0,0,77,77,0,0,107,107,NULL
PAL9899,HUM,4,H2,2,47,47,0,0,77,77,0,0,107,107,NULL
PAL9899,HUM,4,H2,3,47,47,0,0,77,77,0,0,104,104,NULL
PAL9899,HUM,4,H2,4,47,47,0,0,77,77,0,0,104,104,NULL
PAL9899,HUM,4,H2,5,47,47,0,0,80,80,0,0,104,104,NULL
PAL9899,HUM,4,L3,1,47,53,0,0,78,82,0,0,111,111,NULL
PAL9899,HUM,4,L3,2,47,47,0,0,82,83,0,0,111,111,NULL
PAL9899,HUM,4,L3,3,47,47,0,0,80,80,0,0,111,111,NULL
PAL9899,HUM,4,L3,4,47,53,77,77,0,0,0,0,0,0,NULL
PAL9899,HUM,4,L3,5,53,53,71,71,0,0,0,0,0,0,NULL
PAL9899,HUM,4,L4,1,53,54,0,71,87,0,0,0,111,0,NULL
PAL9899,HUM,4,L4,2,47,47,0,0,80,80,0,0,111,111,NULL
PAL9899,HUM,4,L4,3,47,47,0,0,77,78,0,0,111,111,NULL
PAL9899,HUM,4,L4,4,47,47,0,0,78,78,0,0,111,111,NULL
PAL9899,HUM,4,L4,5,47,47,0,0,82,82,0,0,107,107,NULL
PAL9899,HUM,5,H1,1,47,47,0,0,77,78,0,0,107,107,NULL
PAL9899,HUM,5,H1,2,47,47,71,71,0,0,0,0,0,0,NULL
PAL9899,HUM,5,H1,3,47,53,0,0,80,82,0,0,107,107,NULL
PAL9899,HUM,5,H1,4,47,47,0,0,77,77,0,0,107,107,NULL
PAL9899,HUM,5,H1,5,47,47,0,0,80,82,99,93,0,0,NULL
PAL9899,HUM,5,H2,1,53,53,0,0,83,84,0,0,111,111,NULL
PAL9899,HUM,5,H2,2,47,53,0,0,82,83,0,0,111,111,NULL
PAL9899,HUM,5,H2,3,47,47,0,0,80,82,0,0,111,111,NULL
PAL9899,HUM,5,H2,4,47,47,0,0,80,82,0,0,111,111,NULL
PAL9899,HUM,5,H2,5,47,47,0,0,80,82,0,0,111,111,NULL
PAL9899,HUM,5,L3,1,47,47,0,0,77,77,0,101,111,0,NULL
PAL9899,HUM,5,L3,2,47,47,0,0,76,76,0,77,107,0,NULL
PAL9899,HUM,5,L3,3,47,53,0,0,82,82,0,0,107,107,NULL
PAL9899,HUM,5,L3,4,47,53,0,999,85,0,104,0,0,0,NULL
PAL9899,HUM,5,L3,5,47,47,0,0,82,82,0,0,107,107,NULL
PAL9899,HUM,5,L4,1,47,47,0,0,82,82,87,87,0,0,NULL
PAL9899,HUM,5,L4,2,47,47,0,0,80,80,0,0,107,107,NULL
PAL9899,HUM,5,L4,3,47,47,0,0,80,80,0,104,107,0,NULL
PAL9899,HUM,5,L4,4,47,47,0,0,80,83,0,0,107,107,NULL
PAL9899,HUM,5,L4,5,47,47,0,0,78,78,0,0,107,107,NULL
PAL9900,HUM,2,L1,1,45,48,0,999,84,0,0,0,101,0,NULL
PAL9900,HUM,2,L1,2,38,41,0,0,75,76,0,0,110,110,NULL
PAL9900,HUM,2,L1,3,38,41,0,0,75,77,0,0,101,101,NULL
PAL9900,HUM,2,L1,4,45,45,0,0,74,74,0,0,101,101,NULL
PAL9900,HUM,2,L1,5,38,41,0,999,75,0,0,0,110,0,NULL
PAL9900,HUM,2,L2,1,45,45,63,63,0,0,0,0,0,0,NULL
PAL9900,HUM,2,L2,2,45,45,0,79,77,0,0,0,116,0,NULL
PAL9900,HUM,2,L2,3,45,45,78,78,0,0,0,0,0,0,NULL
PAL9900,HUM,2,L2,4,45,45,0,0,78,78,0,0,116,116,NULL
PAL9900,HUM,2,L2,5,45,45,0,0,78,78,0,107,116,0,NULL
PAL9900,HUM,2,L3,1,42,45,0,0,81,84,0,0,110,110,NULL
PAL9900,HUM,2,L3,2,45,45,77,77,0,0,0,0,0,0,NULL
PAL9900,HUM,2,L3,3,45,45,0,0,77,77,0,0,116,116,NULL
PAL9900,HUM,2,L3,4,48,50,0,999,84,0,0,0,116,0,NULL
PAL9900,HUM,2,L3,5,45,45,0,0,77,77,0,0,116,116,NULL
PAL9900,HUM,2,L4,1,45,48,0,999,84,0,0,0,116,0,NULL
PAL9900,HUM,2,L4,2,44,47,0,0,81,81,0,0,116,116,NULL
PAL9900,HUM,2,L4,3,38,41,0,0,75,76,0,0,104,104,NULL
PAL9900,HUM,2,L4,4,39,42,0,0,76,77,0,0,116,116,NULL
PAL9900,HUM,2,L4,5,40,43,0,0,77,77,0,0,116,116,NULL
PAL9900,HUM,2,L5,1,43,46,0,0,80,80,0,0,116,116,NULL
PAL9900,HUM,2,L5,2,45,48,0,0,84,84,0,97,116,0,NULL
PAL9900,HUM,2,L5,3,42,45,0,0,79,80,0,0,116,116,NULL
PAL9900,HUM,2,L5,4,42,45,0,999,79,0,0,0,110,0,NULL
PAL9900,HUM,2,L5,5,38,41,0,0,75,76,0,0,110,110,NULL
PAL9900,HUM,2,L6,1,41,44,0,0,78,79,0,0,104,104,NULL
PAL9900,HUM,2,L6,2,43,46,0,0,78,81,0,0,104,104,NULL
PAL9900,HUM,2,L6,3,44,47,0,0,81,81,0,0,107,107,NULL
PAL9900,HUM,2,L6,4,45,45,74,74,0,0,0,0,0,0,NULL
PAL9900,HUM,2,L6,5,45,45,59,59,0,0,0,0,0,0,NULL
PAL9900,HUM,2,U1,1,45,48,74,74,0,0,0,0,0,0,NULL
PAL9900,HUM,2,U1,2,39,0,0,0,76,0,84,0,0,0,NULL
PAL9900,HUM,2,U1,3,43,46,0,0,80,80,0,0,101,101,NULL
PAL9900,HUM,2,U1,4,40,43,0,0,77,77,0,0,107,107,NULL
PAL9900,HUM,2,U1,5,38,41,0,0,75,76,0,0,110,110,NULL
PAL9900,HUM,2,U2,1,43,46,0,0,79,80,0,0,110,110,NULL
PAL9900,HUM,2,U2,2,40,43,0,0,77,78,0,0,110,110,NULL
PAL9900,HUM,2,U2,3,45,45,0,0,74,74,0,0,110,110,NULL
PAL9900,HUM,2,U2,4,40,43,0,0,77,78,0,0,107,107,NULL
PAL9900,HUM,2,U2,5,48,48,74,74,0,0,0,0,0,0,NULL
PAL9900,HUM,2,U3,1,39,42,0,74,76,0,84,0,0,0,NULL
PAL9900,HUM,2,U3,2,42,45,0,0,80,80,0,97,116,0,NULL
PAL9900,HUM,2,U3,3,44,47,0,0,81,84,0,0,116,116,NULL
PAL9900,HUM,2,U3,4,43,46,0,999,77,0,0,0,116,0,NULL
PAL9900,HUM,2,U3,5,40,43,0,0,77,78,0,0,116,116,NULL
PAL9900,HUM,2,U4,1,45,0,51,0,0,0,0,0,0,0,NULL
PAL9900,HUM,2,U4,2,45,0,74,0,0,0,0,0,0,0,NULL
PAL9900,HUM,2,U4,3,39,42,0,999,76,0,0,0,116,0,NULL
PAL9900,HUM,2,U4,4,41,0,0,0,78,0,0,0,116,0,NULL
PAL9900,HUM,2,U4,5,41,44,0,999,78,0,0,0,116,0,NULL
PAL9900,HUM,2,U5,1,41,44,0,999,78,0,0,0,110,0,NULL
PAL9900,HUM,2,U5,2,42,45,0,999,80,0,0,0,110,0,NULL
PAL9900,HUM,2,U5,3,43,46,0,0,79,79,0,0,116,116,NULL
PAL9900,HUM,2,U5,4,45,45,999,999,0,0,0,0,0,0,NULL
PAL9900,HUM,2,U5,5,38,0,0,0,75,0,0,0,116,0,NULL
PAL9900,HUM,2,U6,1,40,43,0,0,77,77,0,0,116,116,NULL
PAL9900,HUM,2,U6,2,40,43,0,0,77,78,0,0,116,116,NULL
PAL9900,HUM,2,U6,3,38,41,0,0,75,76,0,0,104,104,NULL
PAL9900,HUM,2,U6,4,38,41,0,0,75,75,0,0,104,107,NULL
PAL9900,HUM,2,U6,5,44,47,0,999,81,0,0,0,116,0,NULL
PAL9900,HUM,3,1,1,45,45,999,999,0,0,0,0,0,0,NULL
PAL9900,HUM,3,1,2,37,40,0,0,75,77,0,0,110,110,NULL
PAL9900,HUM,3,1,3,39,42,0,0,76,78,0,0,107,107,NULL
PAL9900,HUM,3,1,4,37,40,0,0,74,76,0,0,107,107,NULL
PAL9900,HUM,3,1,5,39,42,0,0,76,78,0,0,107,107,NULL
PAL9900,HUM,3,2,1,41,44,0,0,78,78,84,84,0,0,NULL
PAL9900,HUM,3,2,2,43,46,0,0,80,81,0,0,107,107,NULL
PAL9900,HUM,3,2,3,43,46,0,0,80,81,0,0,107,107,NULL
PAL9900,HUM,3,2,4,43,0,0,0,80,0,0,0,110,0,NULL
PAL9900,HUM,3,2,5,49,52,0,0,86,86,0,0,107,107,NULL
PAL9900,HUM,3,3,1,35,38,0,0,74,75,0,0,110,110,NULL
PAL9900,HUM,3,3,2,40,43,0,999,77,0,0,0,110,0,NULL
PAL9900,HUM,3,3,3,41,44,0,999,78,0,0,0,110,0,NULL
PAL9900,HUM,3,3,4,41,44,0,0,78,78,0,0,107,107,NULL
PAL9900,HUM,3,3,5,40,43,0,0,77,79,0,0,107,107,NULL
PAL9900,HUM,4,1,1,44,47,0,0,81,81,0,84,107,0,NULL
PAL9900,HUM,4,1,2,43,46,0,0,80,81,0,0,107,107,NULL
PAL9900,HUM,4,1,3,45,48,74,74,0,0,0,0,0,0,NULL
PAL9900,HUM,4,1,4,45,45,74,74,0,0,0,0,0,0,NULL
PAL9900,HUM,4,1,5,45,45,74,74,0,0,0,0,0,0,NULL
PAL9900,HUM,4,2,1,45,45,74,74,0,0,0,0,0,0,NULL
PAL9900,HUM,4,2,2,45,48,74,74,0,0,0,0,0,0,NULL
PAL9900,HUM,4,2,3,43,46,0,0,80,84,0,0,116,116,NULL
PAL9900,HUM,4,2,4,40,43,0,0,77,78,0,0,110,110,NULL
PAL9900,HUM,4,2,5,44,47,0,0,81,81,0,0,110,110,NULL
PAL9900,HUM,5,1,1,48,51,0,90,85,0,0,0,116,0,NULL
PAL9900,HUM,5,1,2,38,41,0,74,75,0,0,0,116,0,NULL
PAL9900,HUM,5,1,3,40,43,0,0,77,78,86,86,0,0,NULL
PAL9900,HUM,5,1,4,45,48,0,999,84,0,0,0,110,0,NULL
PAL9900,HUM,5,1,5,45,48,0,0,84,84,0,0,110,110,NULL
PAL9900,HUM,5,2,1,38,41,0,0,75,77,0,0,107,107,NULL
PAL9900,HUM,5,2,2,40,43,0,0,77,78,0,0,107,107,NULL
PAL9900,HUM,5,2,3,42,45,0,0,79,79,0,0,107,107,NULL
PAL9900,HUM,5,2,4,43,46,0,0,80,81,0,0,110,110,NULL
PAL9900,HUM,5,2,5,42,45,0,0,79,80,0,0,107,107,NULL
PAL9900,HUM,5,3,1,45,45,61,60,0,0,0,0,0,0,NULL
PAL9900,HUM,5,3,2,45,45,56,56,0,0,0,0,0,0,SMASHED BY ELSE
PAL9900,HUM,5,3,3,45,45,56,56,0,0,0,0,0,0,SMASHED BY ELSE
PAL9900,HUM,5,3,4,48,50,56,56,0,0,0,0,0,0,SMASHED BY ELSE
PAL9900,HUM,5,3,5,45,48,56,56,0,0,0,0,0,0,SMASHED BY ELSE
PAL0001,HUM,2,1,1,0,0,0,0,0,0,0,0,0,0,NULL
PAL0001,HUM,2,1,2,0,0,0,0,0,0,0,0,0,0,NULL
PAL0001,HUM,2,1,3,39,42,0,0,78,78,0,0,107,107,NULL
PAL0001,HUM,2,1,4,42,46,0,999,78,0,0,0,107,0,NULL
PAL0001,HUM,2,1,5,40,44,0,0,76,77,0,0,107,107,NULL
PAL0001,HUM,2,2,1,49,52,0,73,83,0,0,0,110,0,NULL
PAL0001,HUM,2,2,2,39,44,0,0,76,79,0,0,110,110,NULL
PAL0001,HUM,2,2,3,44,46,0,0,78,79,0,0,110,110,NULL
PAL0001,HUM,2,2,4,39,42,0,0,75,76,0,0,105,105,NULL
PAL0001,HUM,2,2,5,37,40,0,0,74,74,0,0,105,105,NULL
PAL0001,HUM,2,3,1,44,46,0,0,78,79,0,88,113,0,NULL
PAL0001,HUM,2,3,2,40,44,0,0,78,78,0,0,110,110,NULL
PAL0001,HUM,2,3,3,44,46,0,0,80,81,0,0,110,110,NULL
PAL0001,HUM,2,3,4,44,46,0,0,78,79,0,88,110,0,NULL
PAL0001,HUM,2,3,5,42,46,0,0,77,77,0,0,110,110,NULL
PAL0001,HUM,2,4,1,41,44,0,999,78,0,0,0,113,0,NULL
PAL0001,HUM,2,4,2,44,47,0,0,78,80,0,0,110,110,NULL
PAL0001,HUM,2,4,3,41,44,999,999,0,0,0,0,0,0,NULL
PAL0001,HUM,2,4,4,46,49,0,0,80,81,0,0,107,107,NULL
PAL0001,HUM,2,4,5,41,0,0,0,77,0,0,0,110,0,NULL
PAL0001,HUM,2,5,1,44,47,0,0,79,80,0,88,113,0,NULL
PAL0001,HUM,2,5,2,42,46,0,0,80,80,0,107,113,0,NULL
PAL0001,HUM,2,5,3,44,46,0,0,79,79,0,0,113,113,NULL
PAL0001,HUM,2,5,4,41,44,0,999,75,0,0,0,107,0,NULL
PAL0001,HUM,2,5,5,39,44,0,0,74,75,0,0,107,107,NULL
PAL0001,HUM,2,6,1,41,44,0,0,76,77,0,0,113,113,NULL
PAL0001,HUM,2,6,2,39,42,0,0,76,76,0,0,113,113,NULL
PAL0001,HUM,2,6,3,36,37,0,0,71,71,0,0,110,110,NULL
PAL0001,HUM,2,6,4,36,39,0,0,72,73,0,0,107,107,NULL
PAL0001,HUM,2,6,5,39,44,0,0,77,77,0,0,107,107,NULL
PAL0001,HUM,2,7,1,0,0,0,0,0,0,0,0,0,0,NULL
PAL0001,HUM,2,7,2,41,44,0,999,78,0,0,0,107,0,NULL
PAL0001,HUM,2,7,3,36,41,0,0,74,75,0,0,110,110,NULL
PAL0001,HUM,2,7,4,0,0,0,0,0,0,0,0,0,0,NULL
PAL0001,HUM,2,7,5,38,41,0,0,72,76,0,0,110,110,NULL
PAL0001,HUM,2,8,1,36,40,0,0,73,73,0,0,110,110,NULL
PAL0001,HUM,2,8,2,39,42,999,73,0,0,0,0,0,0,NULL
PAL0001,HUM,2,8,3,41,44,0,0,76,76,0,0,107,107,NULL
PAL0001,HUM,2,8,4,40,44,0,0,76,77,0,0,110,110,NULL
PAL0001,HUM,2,8,5,40,44,0,999,77,0,0,0,110,0,NULL
PAL0001,HUM,2,9,1,41,44,0,0,76,76,0,86,110,0,NULL
PAL0001,HUM,2,9,2,35,39,0,0,70,70,0,0,110,110,NULL
PAL0001,HUM,2,9,3,41,46,0,0,77,78,0,0,110,110,NULL
PAL0001,HUM,2,9,4,38,42,0,0,76,78,0,0,107,107,NULL
PAL0001,HUM,2,9,5,39,42,0,0,76,77,0,0,107,107,NULL
PAL0001,HUM,2,10,1,42,46,0,0,77,77,0,0,110,110,NULL
PAL0001,HUM,2,10,2,39,42,0,999,74,0,0,0,107,0,NULL
PAL0001,HUM,2,10,3,35,38,0,0,71,72,0,0,107,107,NULL
PAL0001,HUM,2,10,4,38,41,0,0,73,72,0,0,107,107,NULL
PAL0001,HUM,2,10,5,42,46,0,999,78,0,0,0,110,0,NULL
PAL0001,HUM,2,11,1,41,44,0,0,77,78,0,0,110,110,NULL
PAL0001,HUM,2,11,2,44,48,0,0,80,81,0,97,110,0,NULL
PAL0001,HUM,2,11,3,38,0,0,0,76,0,0,0,110,0,NULL
PAL0001,HUM,2,11,4,37,41,0,0,74,74,0,0,110,110,NULL
PAL0001,HUM,2,11,5,39,44,0,0,76,77,0,0,110,110,NULL
PAL0001,HUM,2,12,1,44,46,0,0,78,80,0,103,110,0,NULL
PAL0001,HUM,2,12,2,42,46,0,999,78,0,0,0,110,0,NULL
PAL0001,HUM,2,12,3,44,46,0,0,78,79,0,0,107,107,NULL
PAL0001,HUM,2,12,4,38,42,0,0,75,76,0,0,107,107,NULL
PAL0001,HUM,2,12,5,39,44,0,0,75,76,0,0,107,107,NULL
PAL0001,HUM,2.2,13,1,41,44,0,0,76,76,0,0,115,115,NULL
PAL0001,HUM,2.2,13,2,42,46,0,0,78,79,0,0,115,115,NULL
PAL0001,HUM,2.2,13,3,40,44,0,0,81,82,0,0,115,115,NULL
PAL0001,HUM,2.2,13,4,44,48,0,0,80,81,0,0,115,115,NULL
PAL0001,HUM,2.2,13,5,38,41,0,0,72,73,0,0,115,115,NULL
PAL0001,HUM,4,14,1,44,48,0,0,80,82,0,0,110,110,NULL
PAL0001,HUM,4,14,2,44,47,0,0,78,80,0,0,110,110,NULL
PAL0001,HUM,4,14,3,42,46,0,0,78,79,0,0,110,110,NULL
PAL0001,HUM,4,14,4,46,48,0,0,80,81,0,84,110,0,NULL
PAL0001,HUM,4,14,5,44,47,0,0,80,81,0,0,110,110,NULL
PAL0001,HUM,3,15,1,41,44,0,999,78,0,0,0,110,0,NULL
PAL0001,HUM,3,15,2,42,46,0,0,77,79,0,0,110,110,NULL
PAL0001,HUM,3,15,3,40,44,0,999,76,0,0,0,110,0,NULL
PAL0001,HUM,3,15,4,36,37,0,0,70,78,0,103,110,0,NULL
PAL0001,HUM,3,15,5,41,46,0,0,79,79,0,0,110,110,NULL
PAL0001,HUM,3,16,1,40,44,999,73,0,0,0,0,0,0,NULL
PAL0001,HUM,3,16,2,44,47,0,0,78,79,0,0,110,110,NULL
PAL0001,HUM,3,16,3,46,48,0,0,81,82,0,0,110,110,NULL
PAL0001,HUM,3,16,4,44,48,0,0,79,81,0,0,110,110,NULL
PAL0001,HUM,3,16,5,37,38,0,0,71,72,0,0,110,110,NULL
PAL0001,HUM,5,17,1,40,44,0,0,76,76,0,0,107,107,NULL
PAL0001,HUM,5,17,2,44,47,0,999,79,0,0,0,107,0,NULL
PAL0001,HUM,5,17,3,44,47,0,0,81,81,0,0,107,107,NULL
PAL0001,HUM,5,17,4,44,48,0,0,79,80,0,0,107,107,NULL
PAL0001,HUM,5,17,5,44,47,0,0,78,79,0,0,107,107,NULL
PAL0102,HUM,2,1,1,45,50,62,62,0,0,0,0,0,0,NULL
PAL0102,HUM,2,1,2,0,0,0,0,0,0,0,0,0,0,NULL
PAL0102,HUM,2,1,3,45,50,0,0,81,82,85,85,0,0,NULL
PAL0102,HUM,2,1,4,50,50,0,0,84,87,0,96,107,0,NULL
PAL0102,HUM,2,1,5,50,50,0,0,82,83,0,96,113,0,NULL
PAL0102,HUM,2,2,1,0,0,0,0,0,0,0,0,0,0,NULL
PAL0102,HUM,2,2,2,50,0,0,0,82,0,89,0,0,0,NULL
PAL0102,HUM,2,2,3,0,0,0,0,0,0,0,0,0,0,NULL
PAL0102,HUM,2,2,4,0,0,0,0,0,0,0,0,0,0,NULL
PAL0102,HUM,2,2,5,45,45,73,73,0,0,0,0,0,0,NULL
PAL0102,HUM,2,3,1,0,0,0,0,0,0,0,0,0,0,NULL
PAL0102,HUM,2,3,2,50,50,67,67,0,0,0,0,0,0,NULL
PAL0102,HUM,2,3,3,50,50,0,0,83,84,94,94,0,0,NULL
PAL0102,HUM,2,3,4,50,50,0,0,82,83,89,89,0,0,NULL
PAL0102,HUM,2,3,5,50,50,62,62,0,0,0,0,0,0,NULL
PAL0102,HUM,2,4,1,50,52,0,0,83,83,91,91,0,0,NULL
PAL0102,HUM,2,4,2,50,51,0,999,86,0,87,0,0,0,NULL
PAL0102,HUM,2,4,3,45,50,0,0,80,81,97,96,0,0,NULL
PAL0102,HUM,2,4,4,50,0,52,0,0,0,0,0,0,0,NULL
PAL0102,HUM,2,4,5,50,50,0,999,83,0,96,0,0,0,NULL
PAL0102,HUM,2,5,1,45,50,0,83,82,0,89,0,0,0,NULL
PAL0102,HUM,2,5,2,45,50,999,999,0,0,0,0,0,0,NULL
PAL0102,HUM,2,5,3,45,50,0,0,81,83,0,96,113,0,NULL
PAL0102,HUM,2,5,4,45,50,0,0,81,83,0,0,117,117,NULL
PAL0102,HUM,2,5,5,52,57,0,0,88,89,0,0,113,113,NULL
PAL0102,HUM,2,6,1,50,50,0,999,83,0,0,0,115,0,NULL
PAL0102,HUM,2,6,2,45,50,0,0,82,84,0,0,113,113,NULL
PAL0102,HUM,2,6,3,45,50,0,0,79,80,0,0,111,111,NULL
PAL0102,HUM,2,6,4,45,50,0,0,82,82,0,0,111,111,NULL
PAL0102,HUM,2,6,5,50,0,0,0,87,0,0,0,113,0,NULL
PAL0102,HUM,2,7,1,0,0,0,0,0,0,0,0,0,0,NULL
PAL0102,HUM,2,7,2,51,0,0,0,89,0,0,0,109,0,NULL
PAL0102,HUM,2,7,3,45,51,0,0,83,83,0,0,111,111,NULL
PAL0102,HUM,2,7,4,51,0,0,0,83,0,0,0,111,0,NULL
PAL0102,HUM,2,7,5,45,55,0,999,77,0,0,0,111,0,NULL
PAL0102,HUM,2,8,1,51,55,0,0,87,92,0,109,111,0,NULL
PAL0102,HUM,2,8,2,45,50,0,0,79,80,0,0,111,111,NULL
PAL0102,HUM,2,8,3,50,50,0,999,85,0,0,0,111,0,NULL
PAL0102,HUM,2,8,4,55,0,57,0,0,0,0,0,0,0,NULL
PAL0102,HUM,2,8,5,50,52,0,0,85,85,0,0,111,111,NULL
PAL0102,HUM,2,9,1,50,52,0,88,87,0,0,0,111,0,NULL
PAL0102,HUM,2,9,2,55,57,0,0,90,91,0,0,111,111,NULL
PAL0102,HUM,2,9,3,52,55,0,0,87,88,0,104,111,0,NULL
PAL0102,HUM,2,9,4,50,50,0,999,83,0,0,0,111,0,NULL
PAL0102,HUM,2,9,5,50,52,0,0,84,85,0,0,111,111,NULL
PAL0102,HUM,2,10,1,52,57,59,59,0,0,0,0,0,0,NULL
PAL0102,HUM,2,10,2,50,50,0,0,82,83,0,0,111,111,NULL
PAL0102,HUM,2,10,3,50,52,0,0,85,85,0,100,111,0,NULL
PAL0102,HUM,2,10,4,50,50,0,0,86,88,91,91,0,0,squished by eseals
PAL0102,HUM,2,10,5,50,50,84,81,0,0,0,0,0,0,NULL
PAL0102,HUM,2,11,1,0,0,0,0,0,0,0,0,0,0,NULL
PAL0102,HUM,2,11,2,51,55,0,0,85,87,0,102,111,0,NULL
PAL0102,HUM,2,11,3,0,0,0,0,0,0,0,0,0,0,NULL
PAL0102,HUM,2,11,4,51,52,0,999,85,0,0,0,111,0,NULL
PAL0102,HUM,2,11,5,51,55,0,0,86,87,0,0,111,111,NULL
PAL0102,HUM,2,12,1,0,0,0,0,0,0,0,0,0,0,NULL
PAL0102,HUM,2,12,2,50,0,52,0,0,0,0,0,0,0,NULL
PAL0102,HUM,2,12,3,50,52,0,0,86,86,93,93,0,0,squished by eseals
PAL0102,HUM,2,12,4,45,50,0,0,89,89,98,98,0,0,NULL
PAL0102,HUM,2,12,5,50,55,86,86,0,0,0,0,0,0,NULL
PAL0102,HUM,2.2,13,1,50,51,0,0,85,86,0,97,113,0,NULL
PAL0102,HUM,2.2,13,2,52,55,0,999,87,0,0,0,113,0,NULL
PAL0102,HUM,2.2,13,3,55,57,0,0,88,89,0,0,113,113,NULL
PAL0102,HUM,2.2,13,4,50,52,0,0,87,88,0,94,113,0,NULL
PAL0102,HUM,2.2,13,5,50,57,0,55,90,0,0,0,113,0,NULL
PAL0102,HUM,4,14,1,51,0,62,0,0,0,0,0,0,0,NULL
PAL0102,HUM,4,14,2,50,57,0,86,88,0,0,0,113,0,NULL
PAL0102,HUM,4,14,3,52,0,64,0,0,0,0,0,0,0,NULL
PAL0102,HUM,4,14,4,52,52,0,0,85,88,0,0,113,113,NULL
PAL0102,HUM,4,14,5,50,52,64,64,0,0,0,0,0,0,NULL
PAL0102,HUM,3,15,1,52,55,0,0,84,85,0,0,113,113,NULL
PAL0102,HUM,3,15,2,50,50,64,64,0,0,0,0,0,0,NULL
PAL0102,HUM,3,15,3,50,57,82,82,0,0,0,0,0,0,NULL
PAL0102,HUM,3,15,4,50,51,0,0,84,86,0,0,113,113,NULL
PAL0102,HUM,3,15,5,51,55,57,57,0,0,0,0,0,0,NULL
PAL0102,HUM,3,16,1,50,0,57,0,0,0,0,0,0,0,NULL
PAL0102,HUM,3,16,2,50,51,57,57,0,0,0,0,0,0,NULL
PAL0102,HUM,3,16,3,50,52,57,57,0,0,0,0,0,0,NULL
PAL0102,HUM,3,16,4,50,52,0,0,85,85,0,0,113,113,NULL
PAL0102,HUM,3,16,5,55,57,0,0,88,89,0,0,113,113,NULL
PAL0102,HUM,5,17,1,50,51,70,70,0,0,0,0,0,0,NULL
PAL0102,HUM,5,17,2,50,50,999,999,0,0,0,0,0,0,NULL
PAL0102,HUM,5,17,3,50,0,57,0,0,0,0,0,0,0,NULL
PAL0102,HUM,5,17,4,51,0,0,0,86,0,0,0,113,0,NULL
PAL0102,HUM,5,17,5,52,52,66,66,0,0,0,0,0,0,NULL
PAL0203,HUM,2.2,13,1,49,49,0,0,81,83,0,0,111,111,NULL
PAL0203,HUM,2.2,13,2,49,49,0,0,77,77,0,0,111,111,NULL
PAL0203,HUM,2.2,13,3,49,49,0,0,80,81,0,0,111,111,NULL
PAL0203,HUM,2.2,13,4,49,49,0,0,81,82,0,0,111,111,NULL
PAL0203,HUM,2.2,13,5,49,50,0,0,82,84,0,0,111,111,NULL
PAL0203,HUM,4,14,1,49,52,0,77,85,0,0,0,111,0,NULL
PAL0203,HUM,4,14,2,49,49,0,0,80,82,0,0,115,115,NULL
PAL0203,HUM,4,14,3,49,51,0,0,79,84,0,0,115,115,NULL
PAL0203,HUM,4,14,4,49,49,0,0,80,81,0,0,115,115,NULL
PAL0203,HUM,4,14,5,49,50,0,78,84,0,0,0,115,0,NULL
PAL0203,HUM,3,15,1,49,49,0,999,79,0,0,0,111,0,NULL
PAL0203,HUM,3,15,2,49,49,0,0,77,78,0,0,111,111,NULL
PAL0203,HUM,3,15,3,49,49,0,0,79,80,0,0,111,111,NULL
PAL0203,HUM,3,15,4,49,49,70,70,0,0,0,0,0,0,NULL
PAL0203,HUM,3,15,5,49,49,0,0,77,77,0,0,111,111,NULL
PAL0203,HUM,3,16,1,49,49,64,61,0,0,0,0,0,0,NULL
PAL0203,HUM,3,16,2,49,49,0,0,77,78,0,0,111,111,NULL
PAL0203,HUM,3,16,3,49,49,69,69,0,0,0,0,0,0,E-SEALED
PAL0203,HUM,3,16,4,49,49,0,0,78,79,0,0,111,111,NULL
PAL0203,HUM,3,16,5,49,49,0,0,80,82,0,0,111,111,NULL
PAL0203,HUM,5,17,1,49,49,0,999,84,0,0,0,111,0,NULL
PAL0203,HUM,5,17,2,49,51,0,0,83,84,0,0,111,111,NULL
PAL0203,HUM,5,17,3,49,49,0,0,79,81,0,0,111,111,NULL
PAL0203,HUM,5,17,4,49,49,0,0,80,81,0,0,111,111,NULL
PAL0203,HUM,5,17,5,49,50,0,0,82,84,0,0,111,111,NULL
PAL0203,HUM,2,1,1,49,49,64,64,0,0,0,0,0,0,NULL
PAL0203,HUM,2,1,2,49,49,0,81,82,0,0,0,115,0,NULL
PAL0203,HUM,2,1,3,49,49,0,0,81,82,0,0,117,117,NULL
PAL0203,HUM,2,1,4,49,49,0,0,77,77,0,0,115,115,NULL
PAL0203,HUM,2,1,5,49,49,0,0,81,82,0,0,117,117,NULL
PAL0203,HUM,2,2,1,49,49,0,0,79,80,95,80,0,0,NULL
PAL0203,HUM,2,2,2,49,49,0,999,82,0,0,0,119,0,NULL
PAL0203,HUM,2,2,3,49,52,0,77,80,0,0,0,115,0,NULL
PAL0203,HUM,2,2,4,49,49,0,0,78,80,0,0,115,115,NULL
PAL0203,HUM,2,2,5,49,49,0,0,79,80,0,92,119,0,NULL
PAL0203,HUM,2,3,1,49,49,65,65,0,0,0,0,0,0,NULL
PAL0203,HUM,2,3,2,49,50,0,80,83,0,87,0,0,0,NULL
PAL0203,HUM,2,3,3,49,50,0,0,83,85,0,0,117,117,NULL
PAL0203,HUM,2,3,4,49,51,0,0,84,85,0,117,119,0,NULL
PAL0203,HUM,2,3,5,49,49,0,0,80,81,0,93,115,0,NULL
PAL0203,HUM,2,4,1,49,49,0,0,77,78,83,81,0,0,NULL
PAL0203,HUM,2,4,2,50,53,0,0,85,87,0,93,119,0,NULL
PAL0203,HUM,2,4,3,49,49,0,0,79,81,96,93,0,0,NULL
PAL0203,HUM,2,4,4,49,49,0,0,82,83,0,0,117,117,NULL
PAL0203,HUM,2,4,5,49,49,0,0,79,80,0,0,117,117,NULL
PAL0203,HUM,2,5,1,49,0,0,0,77,0,0,0,117,0,NULL
PAL0203,HUM,2,5,2,49,49,0,0,77,78,0,0,113,113,NULL
PAL0203,HUM,2,5,3,49,51,0,0,80,81,0,95,117,0,NULL
PAL0203,HUM,2,5,4,49,50,0,0,84,86,0,0,117,117,NULL
PAL0203,HUM,2,5,5,49,49,0,0,80,81,0,95,117,0,NULL
PAL0203,HUM,2,6,1,49,49,0,0,80,80,0,0,115,115,NULL
PAL0203,HUM,2,6,2,49,49,0,84,77,0,0,0,117,0,NULL
PAL0203,HUM,2,6,3,49,51,0,0,82,84,0,0,117,117,NULL
PAL0203,HUM,2,6,4,49,49,0,0,78,78,0,0,115,115,NULL
PAL0203,HUM,2,6,5,49,49,0,0,77,80,0,0,115,115,NULL
PAL0203,HUM,2,7,1,49,49,0,82,81,0,0,0,117,0,NULL
PAL0203,HUM,2,7,2,49,49,0,84,77,0,109,0,0,0,NULL
PAL0203,HUM,2,7,3,49,49,0,77,77,0,0,0,117,0,NULL
PAL0203,HUM,2,7,4,49,49,0,0,79,80,0,0,115,115,NULL
PAL0203,HUM,2,7,5,49,49,0,0,78,81,0,92,117,0,NULL
PAL0203,HUM,2,8,1,49,50,0,0,83,83,0,0,111,111,NULL
PAL0203,HUM,2,8,2,49,49,0,0,78,80,0,0,111,111,NULL
PAL0203,HUM,2,8,3,49,49,0,0,78,79,105,92,0,0,NULL
PAL0203,HUM,2,8,4,49,49,0,0,78,78,0,0,111,111,NULL
PAL0203,HUM,2,8,5,49,49,0,0,79,81,0,0,111,111,NULL
PAL0203,HUM,2,9,1,49,49,0,0,78,78,84,84,0,0,NULL
PAL0203,HUM,2,9,2,49,49,0,0,78,79,0,0,111,111,NULL
PAL0203,HUM,2,9,3,49,49,0,0,78,78,0,0,111,111,NULL
PAL0203,HUM,2,9,4,49,49,70,70,0,0,0,0,0,0,NULL
PAL0203,HUM,2,9,5,49,49,0,0,78,78,0,0,111,111,NULL
PAL0203,HUM,2,10,1,49,49,0,0,78,78,0,92,119,0,NULL
PAL0203,HUM,2,10,2,0,0,0,0,0,0,0,0,0,0,NO LAY
PAL0203,HUM,2,10,3,49,49,0,0,78,79,0,0,117,117,NULL
PAL0203,HUM,2,10,4,49,49,0,0,79,81,0,0,117,117,NULL
PAL0203,HUM,2,10,5,49,49,0,84,78,0,0,0,117,0,NULL
PAL0203,HUM,2,11,1,49,50,0,0,81,82,109,109,0,0,NULL
PAL0203,HUM,2,11,2,49,49,0,0,79,79,0,0,117,117,NULL
PAL0203,HUM,2,11,3,49,49,0,79,81,0,115,0,0,0,NULL
PAL0203,HUM,2,11,4,49,49,60,60,0,0,0,0,0,0,NULL
PAL0203,HUM,2,11,5,49,49,53,53,0,0,0,0,0,0,NULL
PAL0203,HUM,2,12,1,49,49,0,0,81,82,0,0,111,111,NULL
PAL0203,HUM,2,12,2,49,49,0,0,80,81,0,0,113,113,NULL
PAL0203,HUM,2,12,3,49,49,0,0,80,80,0,0,117,117,NULL
PAL0203,HUM,2,12,4,49,49,0,0,80,80,0,0,111,111,NULL
PAL0203,HUM,2,12,5,49,49,999,999,0,0,0,0,0,0,NULL
PAL0304,HUM,2,1,1,47,0,0,0,80,0,82,0,0,0,NULL
PAL0304,HUM,2,1,2,47,47,0,999,80,0,0,0,113,0,NULL
PAL0304,HUM,2,1,3,41,47,0,85,77,0,0,0,113,0,NULL
PAL0304,HUM,2,1,4,39,41,0,0,74,75,0,0,111,111,NULL
PAL0304,HUM,2,1,5,47,47,0,0,78,79,0,0,111,111,NULL
PAL0304,HUM,2,2,1,42,47,73,73,0,0,0,0,0,0,NULL
PAL0304,HUM,2,2,2,47,47,62,62,0,0,0,0,0,0,NULL
PAL0304,HUM,2,2,3,42,47,0,0,74,77,0,0,107,107,NULL
PAL0304,HUM,2,2,4,41,47,0,999,77,0,0,0,107,0,NULL
PAL0304,HUM,2,2,5,39,42,0,0,74,75,0,0,107,107,NULL
PAL0304,HUM,2,3,1,47,47,0,0,72,79,78,83,0,0,NULL
PAL0304,HUM,2,3,2,47,47,0,0,79,80,0,0,107,107,NULL
PAL0304,HUM,2,3,3,39,47,41,0,0,79,0,0,0,107,NULL
PAL0304,HUM,2,3,3,52,0,0,0,81,0,0,0,107,0,NULL
PAL0304,HUM,2,3,4,39,42,0,0,74,75,0,0,107,107,NULL
PAL0304,HUM,2,3,5,39,42,0,0,75,77,0,0,107,107,NULL
PAL0304,HUM,2,4,1,37,40,0,68,74,0,0,0,109,0,NULL
PAL0304,HUM,2,4,2,47,47,0,0,79,80,0,0,109,109,NULL
PAL0304,HUM,2,4,3,42,47,0,0,79,80,0,0,109,109,NULL
PAL0304,HUM,2,4,4,37,41,0,0,72,76,0,97,107,0,NULL
PAL0304,HUM,2,4,5,40,42,0,0,76,77,0,0,107,107,NULL
PAL0304,HUM,2,5,1,47,47,0,0,78,79,0,0,109,109,NULL
PAL0304,HUM,2,5,2,41,47,0,72,76,0,0,0,109,0,NULL
PAL0304,HUM,2,5,3,47,47,0,0,78,79,0,0,109,109,NULL
PAL0304,HUM,2,5,4,60,0,0,0,92,0,107,0,0,0,NULL
PAL0304,HUM,2,5,5,41,47,0,0,77,79,0,0,107,107,NULL
PAL0304,HUM,2,6,1,50,53,0,0,86,87,0,0,113,113,NULL
PAL0304,HUM,2,6,2,40,47,0,0,77,78,0,0,113,113,NULL
PAL0304,HUM,2,6,3,42,47,0,0,76,77,0,0,111,111,NULL
PAL0304,HUM,2,6,4,36,40,0,0,73,74,0,0,111,111,NULL
PAL0304,HUM,2,6,5,39,42,0,0,75,76,0,0,107,107,NULL
PAL0304,HUM,2.2,7,1,47,49,0,0,82,83,0,0,117,117,NULL
PAL0304,HUM,2.2,7,2,37,40,0,0,73,74,0,0,111,111,NULL
PAL0304,HUM,2.2,7,3,47,49,0,0,79,81,0,0,113,113,NULL
PAL0304,HUM,2.2,7,4,51,54,0,0,87,87,0,0,109,109,NULL
PAL0304,HUM,2.2,7,5,47,48,0,0,79,81,0,0,111,111,NULL
PAL0304,HUM,4,8,1,47,48,0,76,80,0,0,0,119,0,NULL
PAL0304,HUM,4,8,2,47,49,0,0,81,82,0,0,115,115,NULL
PAL0304,HUM,4,8,3,49,53,0,0,85,87,0,0,119,119,NULL
PAL0304,HUM,4,8,4,47,49,0,0,81,82,0,0,117,117,NULL
PAL0304,HUM,4,8,5,42,47,0,0,78,79,0,93,117,0,NULL
PAL0304,HUM,3,9,1,42,47,0,76,79,0,0,0,111,0,NULL
PAL0304,HUM,3,9,2,41,47,0,0,76,77,0,0,111,111,NULL
PAL0304,HUM,3,9,3,49,52,0,0,84,86,0,0,115,115,NULL
PAL0304,HUM,3,9,4,41,47,0,0,75,77,0,0,113,113,NULL
PAL0304,HUM,3,9,5,47,50,0,0,81,82,0,0,113,113,NULL
PAL0304,HUM,3,10,1,49,0,69,0,0,0,0,0,0,0,NULL
PAL0304,HUM,3,10,2,41,47,0,0,77,79,0,0,109,109,NULL
PAL0304,HUM,3,10,3,47,47,0,0,79,80,0,0,113,113,NULL
PAL0304,HUM,3,10,4,47,48,0,0,80,81,0,0,113,113,NULL
PAL0304,HUM,3,10,5,47,48,0,0,80,81,0,0,113,113,NULL
PAL0304,HUM,5,11,1,0,0,0,0,0,0,0,0,0,0,NULL
PAL0304,HUM,5,11,2,47,48,0,0,80,82,0,101,117,0,NULL
PAL0304,HUM,5,11,3,49,52,0,0,84,85,0,0,115,115,NULL
PAL0304,HUM,5,11,4,0,0,0,0,0,0,0,0,0,0,NULL
PAL0304,HUM,5,11,5,47,47,0,0,79,80,0,93,111,0,NULL
PAL0405,HUM,2,1,1,0,0,0,0,0,0,0,0,0,0,NULL
PAL0405,HUM,2,1,2,49,54,83,83,0,0,0,0,0,0,NULL
PAL0405,HUM,2,1,3,49,54,0,83,84,0,0,0,115,0,NULL
PAL0405,HUM,2,1,4,49,49,0,0,83,83,0,0,115,115,NULL
PAL0405,HUM,2,1,5,49,49,0,0,83,83,0,0,113,113,NULL
PAL0405,HUM,2,2,1,49,0,54,0,0,0,0,0,0,0,NULL
PAL0405,HUM,2,2,2,49,49,0,0,83,83,106,93,0,0,NULL
PAL0405,HUM,2,2,3,49,0,54,0,0,0,0,0,0,0,NULL
PAL0405,HUM,2,2,4,49,54,0,0,84,84,0,0,117,117,NULL
PAL0405,HUM,2,2,5,0,0,0,0,0,0,0,0,0,0,NULL
PAL0405,HUM,2,3,1,49,55,83,83,0,0,0,0,0,0,NULL
PAL0405,HUM,2,3,2,49,49,0,0,83,83,98,90,0,0,NULL
PAL0405,HUM,2,3,3,49,49,999,83,0,0,0,0,0,0,NULL
PAL0405,HUM,2,3,4,49,49,0,83,83,0,0,0,117,0,NULL
PAL0405,HUM,2,3,5,49,49,0,83,83,0,90,0,0,0,NULL
PAL0405,HUM,2,4,1,49,49,61,61,0,0,0,0,0,0,NULL
PAL0405,HUM,2,4,2,49,49,0,0,83,83,0,91,119,0,NULL
PAL0405,HUM,2,4,3,49,49,0,0,83,83,0,0,113,113,NULL
PAL0405,HUM,2,4,4,49,49,0,83,83,0,0,0,115,0,NULL
PAL0405,HUM,2,4,5,49,49,0,0,83,83,0,0,115,115,NULL
PAL0405,HUM,2,5,1,49,54,0,0,84,85,0,108,115,0,NULL
PAL0405,HUM,2,5,2,49,54,0,0,83,83,0,100,115,0,NULL
PAL0405,HUM,2,5,3,49,49,0,0,83,83,0,0,115,115,NULL
PAL0405,HUM,2,5,4,49,49,83,83,0,0,0,0,0,0,NULL
PAL0405,HUM,2,5,5,49,49,0,0,83,83,0,0,115,115,NULL
PAL0405,HUM,2,6,1,49,54,83,70,0,0,0,0,0,0,NULL
PAL0405,HUM,2,6,2,49,49,0,0,83,83,100,100,0,0,NULL
PAL0405,HUM,2,6,3,49,49,0,0,83,83,0,0,115,115,NULL
PAL0405,HUM,2,6,4,49,49,0,0,83,83,100,100,0,0,NULL
PAL0405,HUM,2,6,5,49,49,0,0,83,83,0,0,113,113,NULL
PAL0405,HUM,2.2,7,1,47,49,0,0,83,83,0,102,121,0,NULL
PAL0405,HUM,2.2,7,2,47,49,0,0,83,83,0,117,117,0,NULL
PAL0405,HUM,2.2,7,3,52,54,0,0,87,88,0,121,121,0,NULL
PAL0405,HUM,2.2,7,4,54,54,999,999,0,0,0,0,0,0,NULL
PAL0405,HUM,2.2,7,5,49,52,0,0,83,83,0,121,121,0,NULL
PAL0405,HUM,4,8,1,0,0,0,0,0,0,0,0,0,0,NULL
PAL0405,HUM,4,8,2,49,49,83,83,0,0,0,0,0,0,NULL
PAL0405,HUM,4,8,3,52,55,0,999,88,0,0,0,121,0,NULL
PAL0405,HUM,4,8,4,52,55,0,0,87,88,0,0,121,121,NULL
PAL0405,HUM,4,8,5,49,52,0,0,84,87,0,0,113,113,NULL
PAL0405,HUM,3,9,1,49,49,83,61,0,0,0,0,0,0,NULL
PAL0405,HUM,3,9,2,54,0,83,0,0,0,0,0,0,0,NULL
PAL0405,HUM,3,9,3,49,52,0,0,84,84,0,0,113,113,NULL
PAL0405,HUM,3,9,4,52,55,0,0,87,88,0,0,117,117,NULL
PAL0405,HUM,3,9,5,52,55,0,0,87,88,0,106,115,0,NULL
PAL0405,HUM,3,10,1,52,54,0,0,88,89,0,102,115,0,NULL
PAL0405,HUM,3,10,2,49,52,0,0,85,85,0,0,117,117,NULL
PAL0405,HUM,3,10,3,49,52,0,0,83,83,0,0,117,117,NULL
PAL0405,HUM,3,10,4,53,56,0,0,89,90,0,0,117,117,NULL
PAL0405,HUM,3,10,5,52,54,0,0,87,87,90,90,0,0,NULL
PAL0405,HUM,5,11,1,49,52,0,70,92,0,93,0,0,0,NULL
PAL0405,HUM,5,11,2,49,52,0,0,85,87,0,0,117,117,NULL
PAL0405,HUM,5,11,3,53,56,0,0,88,89,0,0,115,115,NULL
PAL0405,HUM,5,11,4,53,56,0,0,91,92,0,0,115,115,NULL
PAL0405,HUM,5,11,5,52,55,0,0,87,88,0,0,117,117,NULL
PAL0506,HUM,2,1,1,49,0,0,0,83,0,93,0,0,0,NULL
PAL0506,HUM,2,1,2,49,49,0,83,83,0,0,0,108,0,NULL
PAL0506,HUM,2,1,3,49,49,0,83,83,0,0,0,108,0,NULL
PAL0506,HUM,2,1,4,49,49,0,0,83,83,0,0,108,108,NULL
PAL0506,HUM,2,1,5,49,49,0,0,83,83,0,0,108,108,NULL
PAL0506,HUM,2,2,1,49,49,0,83,83,0,0,0,104,0,NULL
PAL0506,HUM,2,2,2,49,50,83,83,0,0,0,0,0,0,NULL
PAL0506,HUM,2,2,3,49,49,0,0,83,83,0,0,108,108,NULL
PAL0506,HUM,2,2,4,49,49,0,0,83,83,0,0,108,108,NULL
PAL0506,HUM,2,2,5,49,49,83,83,0,0,0,0,0,0,NULL
PAL0506,HUM,2,3,1,0,0,0,0,0,0,0,0,0,0,NULL
PAL0506,HUM,2,3,2,49,50,0,83,83,0,0,0,109,0,NULL
PAL0506,HUM,2,3,3,49,49,0,83,83,0,0,0,106,0,NULL
PAL0506,HUM,2,3,4,49,49,0,0,83,83,0,0,103,103,NULL
PAL0506,HUM,2,3,5,49,49,0,83,83,0,0,0,103,0,NULL
PAL0506,HUM,2,4,3,49,49,0,0,83,83,0,97,104,0,NULL
PAL0506,HUM,2,4,1,49,49,61,61,0,0,0,0,0,0,NULL
PAL0506,HUM,2,4,2,49,49,0,0,83,83,0,0,105,105,NULL
PAL0506,HUM,2,4,4,49,49,0,0,83,83,0,0,104,104,NULL
PAL0506,HUM,2,4,5,49,0,999,0,0,0,0,0,0,0,NULL
PAL0506,HUM,2,5,4,49,49,0,0,83,83,0,98,106,0,NULL
PAL0506,HUM,2,5,3,49,49,0,0,83,83,0,93,106,0,NULL
PAL0506,HUM,2,5,1,49,0,64,0,0,0,0,0,0,0,NULL
PAL0506,HUM,2,5,2,49,49,0,83,83,0,0,0,106,0,NULL
PAL0506,HUM,2,5,5,49,49,83,83,0,0,0,0,0,0,NULL
PAL0506,HUM,2,6,2,49,49,0,0,83,83,0,0,104,104,NULL
PAL0506,HUM,2,6,3,49,49,0,0,83,83,0,0,106,106,NULL
PAL0506,HUM,2,6,4,49,49,0,0,83,83,0,0,106,106,NULL
PAL0506,HUM,2,6,1,49,49,0,999,83,0,0,0,104,0,NULL
PAL0506,HUM,2,6,5,49,49,0,0,83,83,0,0,106,106,NULL
PAL0506,HUM,2.2,7,5,48,0,0,0,83,0,0,0,109,0,NULL
PAL0506,HUM,2.2,7,3,48,48,0,0,83,83,0,0,109,109,NULL
PAL0506,HUM,2.2,7,4,48,48,0,0,83,83,0,0,110,110,NULL
PAL0506,HUM,2.2,7,1,48,48,0,0,83,83,0,0,111,111,NULL
PAL0506,HUM,2.2,7,2,48,48,0,0,83,83,0,0,108,108,NULL
PAL0506,HUM,3,9,1,49,49,0,0,83,83,88,88,0,0,NULL
PAL0506,HUM,3,9,3,49,49,0,83,83,0,86,0,0,0,NULL
PAL0506,HUM,3,9,2,49,49,0,0,83,83,89,89,0,0,NULL
PAL0506,HUM,3,9,4,49,49,83,83,0,0,0,0,0,0,NULL
PAL0506,HUM,3,9,5,49,0,83,0,0,0,0,0,0,0,NULL
PAL0506,HUM,3,10,5,49,49,0,0,83,83,0,0,110,110,NULL
PAL0506,HUM,3,10,3,49,49,0,0,83,83,0,0,108,108,NULL
PAL0506,HUM,3,10,1,49,50,0,0,83,83,0,0,108,108,NULL
PAL0506,HUM,3,10,2,49,51,0,0,83,83,0,0,110,110,NULL
PAL0506,HUM,3,10,4,49,50,0,0,83,83,0,0,108,108,NULL
PAL0506,HUM,4,8,1,48,48,0,0,83,83,85,85,0,0,NULL
PAL0506,HUM,4,8,4,48,52,0,86,84,0,0,0,109,0,NULL
PAL0506,HUM,4,8,5,48,48,52,52,0,0,0,0,0,0,NULL
PAL0506,HUM,4,8,2,48,48,0,0,83,83,0,0,108,108,NULL
PAL0506,HUM,4,8,3,48,48,0,0,83,83,0,0,108,108,NULL
PAL0506,HUM,5,11,3,48,49,0,0,83,86,0,93,106,0,NULL
PAL0506,HUM,5,11,2,48,48,0,0,83,83,0,94,106,0,NULL
PAL0506,HUM,5,11,1,48,52,0,83,83,0,86,0,0,0,NULL
PAL0506,HUM,5,11,4,48,48,0,0,83,83,0,0,109,109,NULL
PAL0506,HUM,5,11,5,48,50,0,0,83,84,0,0,110,110,NULL
PAL0607,HUM,2,1,1,43,46,0,0,80,80,0,0,112,112,NULL
PAL0607,HUM,2,1,2,40,43,0,0,78,79,0,0,110,110,NULL
PAL0607,HUM,2,1,3,39,42,0,0,75,76,0,0,109,109,NULL
PAL0607,HUM,2,1,4,38,41,0,0,75,76,0,0,105,105,NULL
PAL0607,HUM,2,1,5,42,45,0,0,77,78,0,0,113,113,NULL
PAL0607,HUM,2,2,1,41,45,0,0,76,78,0,0,112,112,NULL
PAL0607,HUM,2,2,2,40,44,0,0,76,78,0,0,115,115,NULL
PAL0607,HUM,2,2,3,43,47,0,0,79,79,0,86,108,0,NULL
PAL0607,HUM,2,2,4,39,42,0,0,75,77,0,0,108,108,NULL
PAL0607,HUM,2,2,5,45,48,0,0,82,83,0,0,112,112,NULL
PAL0607,HUM,2,3,1,42,45,53,52,0,0,0,0,0,0,NULL
PAL0607,HUM,2,3,2,42,45,79,69,0,0,0,0,0,0,NULL
PAL0607,HUM,2,3,3,40,43,0,999,75,0,0,0,117,0,NULL
PAL0607,HUM,2,3,4,42,45,0,0,75,79,0,0,110,110,NULL
PAL0607,HUM,2,3,5,42,45,0,0,77,80,0,88,115,0,NULL
PAL0607,HUM,2,4,1,43,46,0,0,78,79,0,0,116,116,NULL
PAL0607,HUM,2,4,2,41,44,0,0,77,78,0,0,118,118,NULL
PAL0607,HUM,2,4,3,43,46,0,999,78,0,0,0,109,0,NULL
PAL0607,HUM,2,4,4,38,40,0,77,70,0,0,0,109,0,NULL
PAL0607,HUM,2,4,5,42,44,999,999,0,0,0,0,0,0,Sat on eggs until Jan 15
PAL0607,HUM,2,5,1,43,46,0,0,77,79,114,114,0,0,NULL
PAL0607,HUM,2,5,2,42,45,0,0,77,79,114,114,0,0,NULL
PAL0607,HUM,2,5,3,42,46,0,0,77,79,112,112,0,0,NULL
PAL0607,HUM,2,5,4,40,44,0,0,75,77,103,103,0,0,NULL
PAL0607,HUM,2,5,5,44,47,0,0,79,79,110,110,0,0,NULL
PAL0607,HUM,2,6,1,40,0,0,0,77,0,0,0,110,0,NULL
PAL0607,HUM,2,6,2,39,42,0,0,73,76,0,0,105,105,NULL
PAL0607,HUM,2,6,3,40,44,0,0,77,77,0,0,107,107,NULL
PAL0607,HUM,2,6,4,39,42,0,0,75,75,0,0,108,108,NULL
PAL0607,HUM,2,6,5,39,42,0,0,73,75,0,0,105,105,NULL
PAL0708,HUM,2,1,1,42,45,75,75,0,0,0,0,0,0,NULL
PAL0708,HUM,2,1,2,41,44,0,0,77,78,0,90,119,0,NULL
PAL0708,HUM,2,1,3,44,47,0,0,80,80,0,0,120,120,NULL
PAL0708,HUM,2,1,4,41,44,0,0,77,78,0,0,120,120,NULL
PAL0708,HUM,2,1,5,42,46,0,0,77,79,0,0,120,120,NULL
PAL0708,HUM,2,2,1,43,46,0,0,77,78,0,85,120,0,NULL
PAL0708,HUM,2,2,2,44,47,0,0,81,81,0,0,118,118,NULL
PAL0708,HUM,2,2,3,50,52,0,53,85,0,0,0,118,0,NULL
PAL0708,HUM,2,2,4,47,0,0,0,82,0,0,0,118,0,never saw a second egg
PAL0708,HUM,2,2,5,44,47,0,0,79,80,0,0,115,115,NULL
PAL0708,HUM,2,3,1,42,45,0,0,78,78,0,0,118,118,NULL
PAL0708,HUM,2,3,2,44,47,0,0,80,80,0,0,120,120,NULL
PAL0708,HUM,2,3,3,45,50,0,0,80,82,0,0,119,119,NULL
PAL0708,HUM,2,3,4,51,56,0,0,86,88,0,0,119,119,NULL
PAL0708,HUM,2,3,5,46,50,0,0,82,83,0,0,119,119,NULL
PAL0708,HUM,2,4,1,44,48,999,75,0,0,0,0,0,0,NULL
PAL0708,HUM,2,4,2,43,47,0,999,79,0,0,0,120,0,NULL
PAL0708,HUM,2,4,3,39,43,0,0,75,76,0,0,115,115,NULL
PAL0708,HUM,2,4,4,40,42,0,999,75,0,0,0,111,0,NULL
PAL0708,HUM,2,4,5,40,44,0,0,76,77,0,0,116,116,NULL
PAL0708,HUM,2,5,1,50,52,0,76,85,0,0,0,109,0,NULL
PAL0708,HUM,2,5,2,43,46,0,83,80,0,0,0,113,0,NULL
PAL0708,HUM,2,5,3,43,46,0,74,78,0,0,0,113,0,NULL
PAL0708,HUM,2,5,4,46,50,0,0,81,81,0,0,110,110,NULL
PAL0708,HUM,2,5,5,48,51,0,0,82,83,0,0,108,108,NULL
PAL0708,HUM,2,6,1,0,0,0,0,0,0,0,0,0,0,NULL
PAL0708,HUM,2,6,2,41,44,0,72,78,0,84,0,0,0,NULL
PAL0708,HUM,2,6,3,41,44,0,0,78,78,0,0,116,116,NULL
PAL0708,HUM,2,6,4,40,43,0,0,75,76,0,0,115,115,NULL
PAL0708,HUM,2,6,5,42,46,0,0,78,78,0,96,115,0,NULL
PAL0809,HUM,2,1,1,43,46,0,65,81,0,0,0,117,0,NULL
PAL0809,HUM,2,1,2,37,40,0,999,71,0,0,0,117,0,NULL
PAL0809,HUM,2,1,3,40,44,45,45,0,0,0,0,0,0,NULL
PAL0809,HUM,2,1,4,40,43,0,71,76,0,0,0,110,0,NULL
PAL0809,HUM,2,1,5,38,41,0,0,73,73,0,0,112,112,NULL
PAL0809,HUM,2,2,1,44,47,0,0,81,81,0,87,104,0,NULL
PAL0809,HUM,2,2,2,40,42,0,999,76,0,0,0,112,0,NULL
PAL0809,HUM,2,2,3,44,47,0,0,81,81,89,87,0,0,NULL
PAL0809,HUM,2,2,4,44,47,0,0,77,81,0,87,112,0,NULL
PAL0809,HUM,2,2,5,42,44,0,0,77,78,0,0,108,108,NULL
PAL0809,HUM,2,4,1,44,46,0,999,77,0,0,0,109,0,NULL
PAL0809,HUM,2,4,2,42,45,999,999,0,0,0,0,0,0,NULL
PAL0809,HUM,2,4,3,36,39,0,0,72,72,0,0,107,107,NULL
PAL0809,HUM,2,4,4,37,40,0,0,73,74,0,0,104,104,NULL
PAL0809,HUM,2,4,5,42,44,0,0,76,77,0,0,104,104,NULL
PAL0809,HUM,2,6,1,42,45,0,999,81,0,0,0,113,0,NULL
PAL0809,HUM,2,6,2,39,41,0,999,76,0,0,0,113,0,NULL
PAL0809,HUM,2,6,3,37,40,0,0,71,72,0,0,110,110,NULL
PAL0809,HUM,2,6,4,40,43,0,999,76,0,0,0,108,0,NULL
PAL0809,HUM,2,6,5,38,41,0,0,72,74,0,0,107,107,NULL
PAL0910,HUM,2,1,1,44,47,74,74,0,0,0,0,0,0,NULL
PAL0910,HUM,2,1,2,45,49,0,0,80,82,0,99,123,0,NULL
PAL0910,HUM,2,1,3,45,49,0,0,80,82,0,0,123,123,NULL
PAL0910,HUM,2,1,4,49,75,53,0,0,99,0,0,0,123,E1 rolled out near nest?
PAL0910,HUM,2,1,5,45,48,0,0,83,83,0,0,123,123,NULL
PAL0910,HUM,2,2,1,47,50,0,0,83,83,0,0,123,123,NULL
PAL0910,HUM,2,2,2,40,43,0,0,76,78,0,89,110,0,NULL
PAL0910,HUM,2,2,3,38,41,0,0,74,75,0,0,107,107,NULL
PAL0910,HUM,2,2,4,40,42,0,0,74,76,0,0,123,123,NULL
PAL0910,HUM,2,2,5,42,45,0,0,76,76,0,0,123,123,NULL
PAL0910,HUM,2,4,1,50,54,0,78,85,0,0,0,123,0,NULL
PAL0910,HUM,2,4,2,45,48,0,999,82,0,0,0,123,0,NULL
PAL0910,HUM,2,4,3,49,0,0,0,82,0,0,0,123,0,NULL
PAL0910,HUM,2,4,4,45,48,0,0,82,83,0,0,123,123,NULL
PAL0910,HUM,2,4,5,44,47,0,0,78,80,87,85,0,0,NULL
PAL0910,HUM,2,6,1,52,0,69,0,0,0,0,0,0,0,NULL
PAL0910,HUM,2,6,2,40,43,0,0,78,78,0,0,123,123,NULL
PAL0910,HUM,2,6,3,42,46,0,0,76,80,0,0,123,123,NULL
PAL0910,HUM,2,6,4,40,42,0,0,75,76,0,0,111,111,NULL
PAL0910,HUM,2,6,5,42,45,0,0,80,80,0,0,123,123,NULL
PAL1011,HUM,2,1,1,0,0,0,0,0,0,0,0,0,0,NULL
PAL1011,HUM,2,1,2,46,0,0,0,79,0,0,0,119,0,NULL
PAL1011,HUM,2,1,3,46,49,0,0,79,81,0,0,111,111,NULL
PAL1011,HUM,2,1,4,46,48,0,0,79,81,0,0,111,111,NULL
PAL1011,HUM,2,1,5,46,0,0,0,81,0,0,0,119,0,NULL
PAL1011,HUM,2,2,1,44,46,0,0,78,79,0,99,115,0,NULL
PAL1011,HUM,2,2,2,44,0,0,0,78,0,0,0,119,0,NULL
PAL1011,HUM,2,2,3,39,44,0,0,76,76,0,0,115,115,NULL
PAL1011,HUM,2,2,4,44,0,0,0,79,0,0,0,116,0,NULL
PAL1011,HUM,2,2,5,41,47,0,999,75,0,0,0,115,0,NULL
PAL1011,HUM,2,4,1,46,49,0,0,82,83,0,0,109,109,NULL
PAL1011,HUM,2,4,2,39,44,41,0,0,78,0,0,0,115,NULL
PAL1011,HUM,2,4,3,39,44,0,67,75,0,0,0,115,0,NULL
PAL1011,HUM,2,4,4,44,48,0,0,78,79,0,0,112,112,NULL
PAL1011,HUM,2,4,5,44,47,0,0,81,83,0,0,116,116,NULL
PAL1011,HUM,2,6,1,51,53,0,79,89,0,0,0,119,0,NULL
PAL1011,HUM,2,6,2,44,46,0,0,78,78,0,0,119,119,NULL
PAL1011,HUM,2,6,3,0,0,0,0,0,0,0,0,0,0,NULL
PAL1011,HUM,2,6,4,40,44,0,999,75,0,0,0,116,0,NULL
PAL1011,HUM,2,6,5,44,46,0,0,79,79,0,0,116,116,NULL
PAL1112,HUM,2,1,1,0,0,0,0,0,0,0,0,0,0,single male - gone 11/25
PAL1112,HUM,2,1,2,44,47,0,0,78,80,0,0,107,107,NULL
PAL1112,HUM,2,1,3,44,47,0,0,78,80,0,0,107,107,NULL
PAL1112,HUM,2,1,4,41,44,0,72,76,0,0,0,112,0,NULL
PAL1112,HUM,2,1,5,48,53,72,72,0,0,0,0,0,0,"no visit 11/21, both eggs gone 12/14"
PAL1112,HUM,2,2,1,41,46,0,0,78,79,0,0,112,112,NULL
PAL1112,HUM,2,2,2,41,45,0,0,78,79,0,96,107,0,"Chick out of nest and almost dead on 1/4, not seen again."
PAL1112,HUM,2,2,3,41,44,0,999,78,0,96,0,0,0,"E2 never hatched, C1 gone on 1/4"
PAL1112,HUM,2,2,4,44,48,0,45,83,0,0,0,112,0,NULL
PAL1112,HUM,2,2,5,43,46,0,0,79,80,0,0,107,107,NULL
PAL1112,HUM,2,4,1,43,46,0,75,79,0,0,0,112,0,NULL
PAL1112,HUM,2,4,2,41,41,0,0,75,75,0,0,102,102,NULL
PAL1112,HUM,2,4,3,41,42,0,0,75,76,0,0,112,112,NULL
PAL1112,HUM,2,4,4,43,46,0,0,78,80,0,0,107,107,NULL
PAL1112,HUM,2,4,5,45,48,999,999,0,0,0,0,0,0,NULL
PAL1112,HUM,2,6,1,43,46,0,75,80,0,0,0,112,0,NULL
PAL1112,HUM,2,6,2,41,42,0,0,75,75,0,0,112,112,NULL
PAL1112,HUM,2,6,3,41,42,0,0,75,75,0,0,107,107,NULL
PAL1112,HUM,2,6,4,41,41,0,0,72,72,0,0,112,112,NULL
PAL1112,HUM,2,6,5,41,41,0,0,75,75,0,0,107,107,NULL
PAL1213,HUM,2,1,1,46,49,69,69,0,0,0,0,0,0,NULL
PAL1213,HUM,2,1,2,46,49,0,0,80,81,0,0,113,113,NULL
PAL1213,HUM,2,1,3,41,45,0,0,77,77,0,0,116,116,NULL
PAL1213,HUM,2,1,4,42,45,0,0,79,79,0,0,113,113,NULL
PAL1213,HUM,2,1,5,45,48,78,78,0,0,0,0,0,0,NULL
PAL1213,HUM,2,2,1,45,49,69,69,0,0,0,0,0,0,NULL
PAL1213,HUM,2,2,2,45,47,0,0,79,80,0,0,115,115,NULL
PAL1213,HUM,2,2,3,45,48,0,87,81,0,0,0,113,0,NULL
PAL1213,HUM,2,2,4,41,45,0,0,77,78,0,0,115,115,NULL
PAL1213,HUM,2,2,5,42,46,0,0,77,78,0,0,113,113,NULL
PAL1213,HUM,2,4,1,43,51,0,69,84,0,0,0,117,0,NULL
PAL1213,HUM,2,4,2,51,52,0,0,87,88,0,0,117,117,NULL
PAL1213,HUM,2,4,3,51,54,0,0,87,87,0,0,109,109,NULL
PAL1213,HUM,2,4,4,46,48,0,0,81,83,0,94,117,0,NULL
PAL1213,HUM,2,4,5,53,59,0,0,87,95,0,0,117,117,NULL
PAL1213,HUM,2,6,1,49,0,69,0,0,0,0,0,0,0,NULL
PAL1213,HUM,2,6,2,45,46,0,0,79,79,0,0,117,117,NULL
PAL1213,HUM,2,6,3,45,48,0,0,80,81,0,0,117,117,NULL
PAL1213,HUM,2,6,4,45,48,0,0,81,82,0,0,117,117,NULL
PAL1213,HUM,2,6,5,41,42,0,0,75,77,0,0,117,117,NULL
PAL1314,HUM,2,1,1,53,53,73,73,0,0,0,0,0,0,NULL
PAL1314,HUM,2,1,2,53,0,73,0,0,0,0,0,0,0,NULL
PAL1314,HUM,2,1,3,53,0,0,0,85,0,0,0,108,0,NULL
PAL1314,HUM,2,1,4,53,55,0,0,86,88,0,0,108,108,NULL
PAL1314,HUM,2,1,5,53,55,0,0,85,85,0,0,108,108,NULL
PAL1314,HUM,2,2,1,53,0,0,0,85,0,0,0,108,0,NULL
PAL1314,HUM,2,2,2,53,53,0,0,86,87,0,0,108,108,NULL
PAL1314,HUM,2,2,3,53,53,0,0,85,85,0,0,108,108,NULL
PAL1314,HUM,2,2,4,53,53,0,0,85,86,0,0,108,108,NULL
PAL1314,HUM,2,2,5,53,53,0,0,85,86,0,91,108,0,NULL
PAL1314,HUM,2,3,1,53,53,73,73,0,0,0,0,0,0,LOSS
PAL1314,HUM,2,3,2,53,0,73,0,0,0,0,0,0,0,LOSS
PAL1314,HUM,2,3,3,53,53,0,0,85,85,0,0,108,108,NULL
PAL1314,HUM,2,3,4,53,53,0,0,85,85,0,0,108,108,NULL
PAL1314,HUM,2,3,5,53,53,0,0,85,85,0,0,108,108,NULL
PAL1314,HUM,2,4,1,53,53,73,73,0,0,0,0,0,0,NULL
PAL1314,HUM,2,4,2,53,53,0,0,85,85,0,0,108,108,NULL
PAL1314,HUM,2,4,3,53,53,0,85,85,0,0,0,108,0,NULL
PAL1314,HUM,2,4,4,53,53,0,0,85,85,0,0,108,108,NULL
PAL1415,HUM,2,1,1,45,48,0,0,83,83,93,93,0,0,NULL
PAL1415,HUM,2,1,2,44,47,0,0,83,83,0,0,105,105,Precipitated by E-seals
PAL1415,HUM,2,1,3,49,52,55,56,0,0,0,0,0,0,NULL
PAL1415,HUM,2,1,4,44,47,0,0,83,83,0,0,115,115,NULL
PAL1415,HUM,2,1,5,45,50,0,0,83,83,0,0,115,115,NULL
PAL1415,HUM,2,2,1,45,48,59,59,0,0,0,0,0,0,NULL
PAL1415,HUM,2,2,2,42,50,65,67,0,0,0,0,0,0,Long duration between lay dates?
PAL1415,HUM,2,2,3,48,51,63,63,0,0,0,0,0,0,NULL
PAL1415,HUM,2,2,4,45,47,0,0,83,83,0,0,115,115,NULL
PAL1415,HUM,2,2,5,45,47,0,83,83,0,0,0,115,0,NULL
PAL1415,HUM,2,3,1,48,51,0,0,85,85,0,90,115,0,NULL
PAL1415,HUM,2,3,2,52,55,0,0,86,87,0,0,115,115,NULL
PAL1415,HUM,2,3,3,46,49,0,0,83,85,0,86,115,0,NULL
PAL1415,HUM,2,3,4,45,49,999,999,0,0,0,0,0,0,NULL
PAL1415,HUM,2,3,5,50,53,0,0,85,86,0,0,115,115,NULL
PAL1415,HUM,2,4,1,47,50,0,53,83,0,106,0,0,0,NULL
PAL1415,HUM,2,4,2,48,51,0,0,83,84,0,0,115,115,NULL
PAL1415,HUM,2,4,3,48,52,0,0,84,86,0,0,115,115,NULL
PAL1415,HUM,2,4,4,50,53,0,0,83,83,0,0,115,115,NULL
PAL1415,HUM,2,4,5,44,48,0,0,85,86,0,95,115,0,NULL
PAL1516,HUM,2,1,1,0,0,0,0,0,0,0,0,0,0,NEVER LAID EGGS
PAL1516,HUM,2,1,2,46,50,0,0,81,81,0,97,116,0,NULL
PAL1516,HUM,2,1,3,46,48,0,57,81,0,0,0,116,0,11/26 EGG KICKED OUT
PAL1516,HUM,2,1,4,46,47,0,0,81,81,0,0,111,111,NULL
PAL1516,HUM,2,1,5,46,46,0,0,81,81,0,0,111,111,NULL
PAL1516,HUM,2,2,1,48,52,0,58,84,0,94,0,0,0,EGG KICKED OUT ON 12/27
PAL1516,HUM,2,2,2,46,46,0,0,81,81,0,0,111,111,NULL
PAL1516,HUM,2,2,3,46,46,96,81,0,0,0,0,0,0,NULL
PAL1516,HUM,2,2,4,46,46,81,81,0,0,0,0,0,0,NULL
PAL1516,HUM,2,2,5,46,46,0,0,81,81,0,0,111,111,NULL
PAL1516,HUM,2,3,1,48,52,0,0,83,84,0,0,116,116,NULL
PAL1516,HUM,2,3,2,48,52,0,0,83,86,102,99,0,0,NULL
PAL1516,HUM,2,3,3,52,56,0,0,87,88,0,0,116,116,NULL
PAL1516,HUM,2,3,4,46,49,0,0,83,84,0,0,116,116,NULL
PAL1516,HUM,2,3,5,48,52,0,0,83,85,0,0,116,116,NULL
PAL1516,HUM,2,4,1,48,52,0,0,83,86,0,0,109,109,NULL
PAL1516,HUM,2,4,2,46,46,0,0,81,81,0,0,108,108,NULL
PAL1516,HUM,2,4,3,52,53,0,0,86,86,0,0,116,116,NULL
PAL1516,HUM,2,4,4,46,49,0,0,82,81,0,0,108,108,NULL
PAL1516,HUM,2,4,5,52,56,0,0,82,88,0,0,108,108,NULL
PAL1617,HUM,2,1,1,45,45,70,70,0,0,0,0,0,0,NULL
PAL1617,HUM,2,1,2,45,55,0,0,79,81,0,98,109,0,NULL
PAL1617,HUM,2,1,3,45,45,0,0,76,76,0,0,111,111,NULL
PAL1617,HUM,2,1,4,45,45,0,0,76,76,0,0,114,114,NULL
PAL1617,HUM,2,1,5,45,45,0,0,76,76,0,98,114,0,NULL
PAL1617,HUM,2,2,1,45,55,0,70,80,0,0,0,116,0,NULL
PAL1617,HUM,2,2,2,45,46,0,0,78,79,101,98,0,0,NULL
PAL1617,HUM,2,2,3,45,55,0,70,78,0,0,0,109,0,NULL
PAL1617,HUM,2,2,4,55,55,0,999,82,0,0,0,116,0,NULL
PAL1617,HUM,2,2,5,45,45,0,0,78,78,0,0,114,114,NULL
PAL1617,HUM,2,3,1,45,55,0,0,79,81,90,88,0,0,NULL
PAL1617,HUM,2,3,2,45,45,0,0,76,76,0,0,116,116,NULL
PAL1617,HUM,2,3,3,45,45,0,0,76,76,0,0,116,116,NULL
PAL1617,HUM,2,3,4,45,45,0,0,79,80,0,0,115,115,NULL
PAL1617,HUM,2,3,5,45,46,0,0,80,81,0,0,115,115,NULL
PAL1617,HUM,2,4,1,45,55,0,0,76,80,0,0,116,116,NULL
PAL1617,HUM,2,4,2,45,45,0,0,76,76,0,0,116,116,NULL
PAL1617,HUM,2,4,3,46,55,0,0,81,81,0,0,116,116,NULL
PAL1617,HUM,2,4,4,45,45,0,0,76,76,0,0,114,114,NULL
PAL1617,HUM,2,4,5,46,55,0,0,80,81,0,0,114,114,NULL
PAL1718,HUM,2,1,1,45,0,69,0,0,0,0,0,0,0,NULL
PAL1718,HUM,2,1,2,45,46,0,0,79,79,0,0,110,110,NULL
PAL1718,HUM,2,1,3,45,47,0,0,80,81,0,0,110,110,NULL
PAL1718,HUM,2,1,4,45,46,0,0,75,76,0,0,108,108,NULL
PAL1718,HUM,2,1,5,45,48,0,0,78,80,0,0,108,108,NULL
PAL1718,HUM,2,2,1,0,0,0,0,0,0,0,0,0,0,NEST NEVER LAID
PAL1718,HUM,2,2,2,49,51,0,0,85,86,0,0,110,110,NULL
PAL1718,HUM,2,2,3,43,46,0,0,79,81,0,0,110,110,NULL
PAL1718,HUM,2,2,4,46,49,0,0,80,83,0,0,108,108,NULL
PAL1718,HUM,2,2,5,45,46,0,0,78,79,0,0,108,108,NULL
PAL1718,HUM,2,3,1,41,43,69,69,0,0,0,0,0,0,NULL
PAL1718,HUM,2,3,2,43,45,0,0,78,78,0,0,110,110,NULL
PAL1718,HUM,2,3,3,43,46,0,0,78,80,0,0,110,110,NULL
PAL1718,HUM,2,3,4,45,49,0,0,83,83,0,0,108,108,NULL
PAL1718,HUM,2,3,5,45,46,0,0,81,83,0,0,108,108,NULL
PAL1718,HUM,2,4,1,47,50,0,0,83,83,105,102,0,0,NULL
PAL1718,HUM,2,4,2,41,43,0,0,74,74,0,96,112,0,NULL
PAL1718,HUM,2,4,3,43,46,0,0,79,80,0,0,112,112,NULL
PAL1718,HUM,2,4,4,43,45,0,999,78,0,0,0,112,0,E2 DID NOT HATCH
PAL1718,HUM,2,4,5,43,45,0,0,78,79,0,0,112,112,NULL
PAL2021,HUM,2,1,1,0,0,73,0,0,0,0,0,0,0,NULL
PAL2021,HUM,2,1,2,0,0,0,0,73,78,81,80,0,0,Chick 2 dead in nest.
PAL2021,HUM,2,1,3,0,0,0,0,76,77,0,0,109,109,NULL
PAL2021,HUM,2,1,4,0,0,0,0,75,82,0,87,113,0,NULL
PAL2021,HUM,2,1,5,0,0,0,0,77,77,0,0,115,115,NULL
PAL2021,HUM,2,2,1,0,0,0,0,73,74,0,0,115,115,NULL
PAL2021,HUM,2,2,2,0,0,0,0,77,78,0,0,111,111,NULL
PAL2021,HUM,2,2,3,0,0,0,0,75,76,0,0,109,109,NULL
PAL2021,HUM,2,2,4,0,0,0,0,74,76,0,0,111,111,NULL
PAL2021,HUM,2,2,5,0,0,0,0,81,81,0,0,111,111,NULL
PAL2021,HUM,2,3,1,0,0,0,0,78,81,0,86,115,0,NULL
PAL2021,HUM,2,3,2,0,0,0,96,80,0,0,0,111,0,NULL
PAL2021,HUM,2,3,3,0,0,0,0,79,79,0,0,113,113,NULL
PAL2021,HUM,2,3,4,0,0,0,0,78,79,0,0,111,111,NULL
PAL2021,HUM,2,3,5,0,0,0,0,79,80,0,0,113,113,NULL
PAL2021,HUM,2,4,1,0,0,0,0,78,78,0,0,113,113,NULL
PAL2021,HUM,2,4,2,0,0,0,0,75,76,101,85,0,0,NULL
PAL2021,HUM,2,4,3,0,0,0,0,77,78,0,0,113,113,NULL
PAL2021,HUM,2,4,4,0,0,0,0,73,74,0,0,107,107,NULL
PAL2021,HUM,2,4,5,0,0,0,0,75,75,0,0,107,107,NULL
PAL2021,HUM,2,5,1,0,0,0,0,79,80,0,0,116,116,NULL
PAL2021,HUM,2,5,2,0,0,0,0,84,85,0,0,113,113,NULL
PAL2021,HUM,2,5,3,0,0,0,85,79,0,0,0,109,0,NULL
PAL2021,HUM,2,5,4,0,0,0,0,73,73,0,0,107,107,NULL
PAL2021,HUM,2,5,5,0,0,0,0,74,75,0,85,107,0,NULL
PAL2021,HUM,2,6,1,0,0,0,0,82,83,0,0,115,115,NULL
PAL2021,HUM,2,6,2,0,0,0,0,77,80,0,0,115,115,NULL
PAL2021,HUM,2,6,3,0,0,0,0,76,77,0,0,113,113,NULL
PAL2021,HUM,2,6,4,0,0,0,0,76,77,0,0,111,111,NULL
PAL2021,HUM,2,6,5,0,0,0,0,87,0,94,0,0,0,NULL
